PO Number,Account,Account Type,PO Date,Need By,Product,Class,Length,Material,Units,Net Price,Fulfilled,Delivered
PO-RW-3005,Cedar Point Rentals,Resort,10-Sep-2025,10-Oct-2025,RW-1378,Road,L,Carbon,2,3199,Yes,21-Sep-2025
PO-RW-3010,Sunset Ridge Rentals,Municipal,10-Sep-2025,22-Oct-2025,RW-9901,MTB,L,Base,3,1839,Yes,29-Sep-2025
PO-RW-3003,Basin Adventure Co,Resort,11-Sep-2025,09-Nov-2025,RW-2984,Road,M,Carbon,10,3199,Yes,28-Sep-2025
PO-RW-3006,Redstone Resort,Municipal,11-Sep-2025,11-Oct-2025,RW-9304,MTB,S,Carbon,6,3919,Yes,27-Sep-2025
PO-RW-3009,Frontier Tours,Resort,12-Sep-2025,05-Nov-2025,RW-9901,MTB,L,Base,9,1839,Yes,05-Oct-2025
PO-RW-3007,Riverfront Rentals,Tour operator,13-Sep-2025,12-Oct-2025,RW-9324,MTB,M,Base,18,1839,Yes,02-Oct-2025
PO-RW-3001,Northwest Corporate Wellness,Municipal,14-Sep-2025,04-Nov-2025,RW-3980,Road,S,Carbon,9,3199,Yes,24-Sep-2025
PO-RW-3002,Summit Resort Group,Corporate,14-Sep-2025,07-Nov-2025,RW-9835,Road,M,Base,21,1519,Yes,04-Oct-2025
PO-RW-3004,Pinnacle Corporate,University,14-Sep-2025,19-Oct-2025,RW-7298,Road,L,Base,12,1519,Yes,13-Oct-2025
PO-RW-3008,Summit Resort Group,Corporate,14-Sep-2025,12-Oct-2025,RW-4418,MTB,M,Carbon,7,3919,Yes,22-Sep-2025
PO-RW-3011,Foothills Municipal,Corporate,14-Sep-2025,22-Oct-2025,RW-6416,MTB,L,Carbon,1,3919,Yes,02-Oct-2025
PO-RW-3015,Valley Corporate Fleet,Resort,15-Sep-2025,05-Nov-2025,RW-7298,Road,L,Base,12,1519,Yes,29-Sep-2025
PO-RW-3021,Foothills Municipal,Corporate,15-Sep-2025,11-Nov-2025,RW-4418,MTB,M,Carbon,6,3919,Yes,27-Sep-2025
PO-RW-3014,Copper Canyon Tours,Municipal,16-Sep-2025,16-Oct-2025,RW-2984,Road,M,Carbon,6,3199,Yes,27-Sep-2025
PO-RW-3020,Riverfront Rentals,Tour operator,16-Sep-2025,22-Oct-2025,RW-9324,MTB,M,Base,1,1839,Yes,06-Oct-2025
PO-RW-3017,Cascade Tour Company,Rental fleet,17-Sep-2025,06-Nov-2025,RW-9304,MTB,S,Carbon,3,3919,Yes,24-Sep-2025
PO-RW-3022,Stonebridge Tours,Resort,18-Sep-2025,11-Oct-2025,RW-9901,MTB,L,Base,12,1839,Yes,17-Oct-2025
PO-RW-3016,Peak Season Tours,Tour operator,19-Sep-2025,16-Oct-2025,RW-1378,Road,L,Carbon,2,3199,Yes,29-Sep-2025
PO-RW-3019,Pinnacle Corporate,University,19-Sep-2025,10-Oct-2025,RW-9324,MTB,M,Base,8,1839,Yes,18-Oct-2025
PO-RW-3012,Bay Area Bike Rentals,Rental fleet,20-Sep-2025,18-Oct-2025,RW-3980,Road,S,Carbon,7,3199,Yes,04-Oct-2025
PO-RW-3013,Cascade Tour Company,Rental fleet,20-Sep-2025,16-Nov-2025,RW-9835,Road,M,Base,13,1519,Yes,10-Oct-2025
PO-RW-3018,Capital City Bike Share,Tour operator,20-Sep-2025,04-Nov-2025,RW-9324,MTB,M,Base,12,1839,Yes,09-Oct-2025
PO-RW-3023,High Country Tours,Tour operator,21-Sep-2025,13-Nov-2025,RW-6416,MTB,L,Carbon,6,3919,Yes,13-Oct-2025
PO-RW-3025,Bayfront Hotels,Resort,22-Sep-2025,18-Nov-2025,RW-9835,Road,M,Base,16,1519,Yes,17-Oct-2025
PO-RW-3027,Evergreen Corporate Campus,Municipal,22-Sep-2025,25-Oct-2025,RW-7298,Road,L,Base,10,1519,Yes,18-Oct-2025
PO-RW-3030,Foothills Municipal,Corporate,23-Sep-2025,27-Oct-2025,RW-9324,MTB,M,Base,17,1839,Yes,08-Oct-2025
PO-RW-3031,Bayfront Hotels,Resort,24-Sep-2025,01-Nov-2025,RW-4418,MTB,M,Carbon,6,3919,Yes,04-Oct-2025
PO-RW-3033,Capital City Bike Share,Tour operator,24-Sep-2025,18-Nov-2025,RW-6416,MTB,L,Carbon,2,3919,Yes,10-Oct-2025
PO-RW-3028,Pinnacle Corporate,University,27-Sep-2025,04-Nov-2025,RW-1378,Road,L,Carbon,5,3199,Yes,24-Oct-2025
PO-RW-3024,Capital City Bike Share,Tour operator,28-Sep-2025,11-Nov-2025,RW-3980,Road,S,Carbon,3,3199,Yes,05-Oct-2025
PO-RW-3026,Metro Transit Fleet,Tour operator,28-Sep-2025,21-Oct-2025,RW-2984,Road,M,Carbon,3,3199,Yes,20-Oct-2025
PO-RW-3029,Alpine Lodge Collection,Corporate,28-Sep-2025,31-Oct-2025,RW-9304,MTB,S,Carbon,3,3919,Yes,14-Oct-2025
PO-RW-3032,Frontier Tours,Resort,28-Sep-2025,05-Nov-2025,RW-9901,MTB,L,Base,8,1839,Yes,19-Oct-2025
PO-RW-3042,Metro Transit Fleet,Tour operator,29-Sep-2025,13-Nov-2025,RW-4418,MTB,M,Carbon,5,3919,Yes,16-Oct-2025
PO-RW-3043,Northwest Corporate Wellness,Municipal,29-Sep-2025,27-Oct-2025,RW-9901,MTB,L,Base,4,1839,Yes,27-Oct-2025
PO-RW-3034,Overland Tours,Municipal,01-Oct-2025,25-Oct-2025,RW-3980,Road,S,Carbon,8,3199,Yes,27-Oct-2025
PO-RW-3039,Pacific Trails Outfitters,Corporate,01-Oct-2025,17-Nov-2025,RW-9304,MTB,S,Carbon,4,3919,Yes,26-Oct-2025
PO-RW-3044,Skyline Corporate,Tour operator,01-Oct-2025,25-Oct-2025,RW-6416,MTB,L,Carbon,2,3919,Yes,26-Oct-2025
PO-RW-3035,Stonebridge Tours,Resort,02-Oct-2025,07-Nov-2025,RW-9835,Road,M,Base,13,1519,Yes,11-Oct-2025
PO-RW-3037,Evergreen Corporate Campus,Municipal,02-Oct-2025,01-Nov-2025,RW-7298,Road,L,Base,17,1519,Yes,16-Oct-2025
PO-RW-3038,Coast to Coast Rentals,Corporate,03-Oct-2025,30-Oct-2025,RW-1378,Road,L,Carbon,1,3199,Yes,29-Oct-2025
PO-RW-3040,Basin Adventure Co,Resort,04-Oct-2025,28-Oct-2025,RW-9324,MTB,M,Base,7,1839,Yes,26-Oct-2025
PO-RW-3036,Rimrock Outfitters,Rental fleet,05-Oct-2025,11-Nov-2025,RW-2984,Road,M,Carbon,5,3199,Yes,30-Oct-2025
PO-RW-3041,Canyon Country Tours,Rental fleet,05-Oct-2025,13-Nov-2025,RW-9324,MTB,M,Base,10,1839,Yes,27-Oct-2025
PO-RW-3051,Frontier Tours,Resort,06-Oct-2025,05-Nov-2025,RW-1378,Road,L,Carbon,3,3199,Yes,03-Nov-2025
PO-RW-3052,Desert Sun Rentals,Resort,06-Oct-2025,02-Nov-2025,RW-9304,MTB,S,Carbon,7,3919,Yes,18-Oct-2025
PO-RW-3046,Overland Tours,Municipal,07-Oct-2025,15-Nov-2025,RW-9835,Road,M,Base,13,1519,Yes,15-Oct-2025
PO-RW-3049,Lakeshore Municipal Parks,Corporate,07-Oct-2025,02-Nov-2025,RW-2984,Road,M,Carbon,2,3199,Yes,19-Oct-2025
PO-RW-3054,Basin Adventure Co,Resort,07-Oct-2025,05-Dec-2025,RW-4418,MTB,M,Carbon,2,3919,Yes,30-Oct-2025
PO-RW-3053,Riverfront Rentals,Tour operator,08-Oct-2025,11-Nov-2025,RW-9324,MTB,M,Base,15,1839,Yes,05-Nov-2025
PO-RW-3056,Trailblazer Tour Co,Resort,08-Oct-2025,30-Oct-2025,RW-6416,MTB,L,Carbon,1,3919,Yes,31-Oct-2025
PO-RW-3047,Foothills Municipal,Corporate,10-Oct-2025,12-Nov-2025,RW-9835,Road,M,Base,7,1519,Yes,20-Oct-2025
PO-RW-3050,Canyon Country Tours,Rental fleet,10-Oct-2025,04-Nov-2025,RW-7298,Road,L,Base,8,1519,Yes,07-Nov-2025
PO-RW-3045,Canyon Municipal Parks,Municipal,11-Oct-2025,01-Dec-2025,RW-3980,Road,S,Carbon,4,3199,Yes,21-Oct-2025
PO-RW-3048,Northwest Corporate Wellness,Municipal,11-Oct-2025,26-Nov-2025,RW-9835,Road,M,Base,7,1519,Yes,01-Nov-2025
PO-RW-3055,Tidewater Tours,Rental fleet,11-Oct-2025,18-Nov-2025,RW-9901,MTB,L,Base,9,1839,Yes,28-Oct-2025
PO-RW-3059,Frontier Tours,Resort,13-Oct-2025,07-Dec-2025,RW-9835,Road,M,Base,2,1519,Yes,10-Nov-2025
PO-RW-3064,Granite State University,University,13-Oct-2025,30-Nov-2025,RW-9324,MTB,M,Base,25,1839,Yes,11-Nov-2025
PO-RW-3058,High Country Tours,Tour operator,15-Oct-2025,23-Nov-2025,RW-9835,Road,M,Base,20,1519,Yes,02-Nov-2025
PO-RW-3066,Timberline Outfitters,Rental fleet,15-Oct-2025,08-Dec-2025,RW-9901,MTB,L,Base,10,1839,Yes,02-Nov-2025
PO-RW-3067,Highline Adventures,Corporate,15-Oct-2025,08-Dec-2025,RW-6416,MTB,L,Carbon,2,3919,Yes,03-Nov-2025
PO-RW-3060,Overland Tours,Municipal,16-Oct-2025,23-Nov-2025,RW-2984,Road,M,Carbon,5,3199,Yes,25-Oct-2025
PO-RW-3061,Sunbelt Rentals Co,Rental fleet,16-Oct-2025,19-Nov-2025,RW-7298,Road,L,Base,9,1519,Yes,05-Nov-2025
PO-RW-3062,Foothills Municipal,Corporate,17-Oct-2025,10-Dec-2025,RW-1378,Road,L,Carbon,4,3199,Yes,14-Nov-2025
PO-RW-3063,Pacific Trails Outfitters,Corporate,17-Oct-2025,07-Dec-2025,RW-9304,MTB,S,Carbon,4,3919,Yes,06-Nov-2025
PO-RW-3065,Desert Sun Rentals,Resort,17-Oct-2025,19-Nov-2025,RW-4418,MTB,M,Carbon,5,3919,Yes,25-Oct-2025
PO-RW-3057,Northwest Corporate Wellness,Municipal,18-Oct-2025,13-Nov-2025,RW-3980,Road,S,Carbon,3,3199,Yes,30-Oct-2025
PO-RW-3069,Northwest Corporate Wellness,Municipal,20-Oct-2025,13-Dec-2025,RW-9835,Road,M,Base,16,1519,Yes,31-Oct-2025
PO-RW-3074,Peak Season Tours,Tour operator,20-Oct-2025,14-Nov-2025,RW-9324,MTB,M,Base,32,1839,Yes,08-Nov-2025
PO-RW-3068,Granite State University,University,22-Oct-2025,18-Dec-2025,RW-3980,Road,S,Carbon,4,3199,Yes,19-Nov-2025
PO-RW-3076,Rocky Mountain Adventure Tours,Tour operator,22-Oct-2025,18-Nov-2025,RW-9901,MTB,L,Base,7,1839,Yes,15-Nov-2025
PO-RW-3077,Coastal University Athletics,Municipal,22-Oct-2025,08-Dec-2025,RW-9901,MTB,L,Base,2,1839,Yes,13-Nov-2025
PO-RW-3070,Foothills Municipal,Corporate,24-Oct-2025,10-Dec-2025,RW-2984,Road,M,Carbon,4,3199,Yes,04-Nov-2025
PO-RW-3071,Foothills Municipal,Corporate,24-Oct-2025,01-Dec-2025,RW-7298,Road,L,Base,7,1519,Yes,01-Nov-2025
PO-RW-3072,Coast to Coast Rentals,Corporate,25-Oct-2025,03-Dec-2025,RW-1378,Road,L,Carbon,2,3199,Yes,01-Nov-2025
PO-RW-3078,Skyline Corporate,Tour operator,25-Oct-2025,25-Nov-2025,RW-6416,MTB,L,Carbon,1,3919,Yes,21-Nov-2025
PO-RW-3073,Northern Lights Adventures,Rental fleet,26-Oct-2025,28-Nov-2025,RW-9304,MTB,S,Carbon,2,3919,Yes,15-Nov-2025
PO-RW-3075,Metro Transit Fleet,Tour operator,26-Oct-2025,15-Dec-2025,RW-4418,MTB,M,Carbon,5,3919,Yes,24-Nov-2025
PO-RW-3079,Overland Tours,Municipal,27-Oct-2025,04-Dec-2025,RW-3980,Road,S,Carbon,4,3199,Yes,18-Nov-2025
PO-RW-3082,Frontier Tours,Resort,27-Oct-2025,24-Nov-2025,RW-7298,Road,L,Base,10,1519,Yes,16-Nov-2025
PO-RW-3086,Basin Adventure Co,Resort,27-Oct-2025,22-Dec-2025,RW-4418,MTB,M,Carbon,2,3919,Yes,21-Nov-2025
PO-RW-3083,Highline Adventures,Corporate,28-Oct-2025,14-Dec-2025,RW-1378,Road,L,Carbon,1,3199,Yes,05-Nov-2025
PO-RW-3084,Foothills Municipal,Corporate,30-Oct-2025,05-Dec-2025,RW-9304,MTB,S,Carbon,5,3919,Yes,19-Nov-2025
PO-RW-3081,Desert Sun Rentals,Resort,01-Nov-2025,25-Nov-2025,RW-2984,Road,M,Carbon,8,3199,Yes,26-Nov-2025
PO-RW-3085,Sunset Ridge Rentals,Municipal,01-Nov-2025,27-Dec-2025,RW-9324,MTB,M,Base,11,1839,Yes,20-Nov-2025
PO-RW-3088,Frontier Tours,Resort,01-Nov-2025,25-Nov-2025,RW-6416,MTB,L,Carbon,1,3919,Yes,24-Nov-2025
PO-RW-3080,Foothills Municipal,Corporate,02-Nov-2025,29-Dec-2025,RW-9835,Road,M,Base,17,1519,Yes,22-Nov-2025
PO-RW-3087,Blue Ridge Municipal,University,02-Nov-2025,28-Nov-2025,RW-9901,MTB,L,Base,10,1839,Yes,29-Nov-2025
PO-RW-3089,Metro Transit Fleet,Tour operator,04-Nov-2025,06-Dec-2025,RW-3980,Road,S,Carbon,7,3199,Yes,30-Nov-2025
PO-RW-3090,Bay Area Bike Rentals,Rental fleet,04-Nov-2025,03-Dec-2025,RW-9835,Road,M,Base,21,1519,Yes,13-Nov-2025
PO-RW-3092,Metro Transit Fleet,Tour operator,04-Nov-2025,08-Dec-2025,RW-7298,Road,L,Base,6,1519,Yes,26-Nov-2025
PO-RW-3094,High Country Tours,Tour operator,04-Nov-2025,12-Dec-2025,RW-9304,MTB,S,Carbon,5,3919,Yes,12-Nov-2025
PO-RW-3096,Lakeside Resort & Spa,Resort,07-Nov-2025,30-Dec-2025,RW-4418,MTB,M,Carbon,2,3919,Yes,05-Dec-2025
PO-RW-3098,Foothills Municipal,Corporate,07-Nov-2025,22-Dec-2025,RW-6416,MTB,L,Carbon,2,3919,Yes,30-Nov-2025
PO-RW-3095,Foothills Municipal,Corporate,08-Nov-2025,04-Jan-2026,RW-9324,MTB,M,Base,18,1839,Yes,21-Nov-2025
PO-RW-3091,Bayfront Hotels,Resort,09-Nov-2025,24-Dec-2025,RW-2984,Road,M,Carbon,7,3199,Yes,23-Nov-2025
PO-RW-3093,Basin Adventure Co,Resort,09-Nov-2025,24-Dec-2025,RW-1378,Road,L,Carbon,2,3199,Yes,23-Nov-2025
PO-RW-3097,Alpine Lodge Collection,Corporate,09-Nov-2025,02-Dec-2025,RW-9901,MTB,L,Base,15,1839,Yes,07-Dec-2025
PO-RW-3101,Cascade Tour Company,Rental fleet,10-Nov-2025,27-Dec-2025,RW-9835,Road,M,Base,9,1519,Yes,09-Dec-2025
PO-RW-3103,Cascade Tour Company,Rental fleet,10-Nov-2025,02-Jan-2026,RW-2984,Road,M,Carbon,6,3199,Yes,20-Nov-2025
PO-RW-3107,Frontier Tours,Resort,10-Nov-2025,30-Dec-2025,RW-9324,MTB,M,Base,15,1839,Yes,27-Nov-2025
PO-RW-3099,Overland Tours,Municipal,11-Nov-2025,03-Dec-2025,RW-3980,Road,S,Carbon,7,3199,Yes,03-Dec-2025
PO-RW-3108,Lakeside Resort & Spa,Resort,11-Nov-2025,05-Dec-2025,RW-4418,MTB,M,Carbon,3,3919,Yes,10-Dec-2025
PO-RW-3109,Harbor City Rentals,Tour operator,12-Nov-2025,06-Jan-2026,RW-9901,MTB,L,Base,8,1839,Yes,22-Nov-2025
PO-RW-3105,Blue Water Resorts,University,13-Nov-2025,26-Dec-2025,RW-1378,Road,L,Carbon,4,3199,Yes,11-Dec-2025
PO-RW-3106,Frontier Tours,Resort,13-Nov-2025,20-Dec-2025,RW-9304,MTB,S,Carbon,2,3919,Yes,01-Dec-2025
PO-RW-3100,Elk Meadow Lodge,Tour operator,15-Nov-2025,29-Dec-2025,RW-9835,Road,M,Base,8,1519,Yes,05-Dec-2025
PO-RW-3102,Foothills Municipal,Corporate,15-Nov-2025,04-Jan-2026,RW-9835,Road,M,Base,7,1519,Yes,08-Dec-2025
PO-RW-3104,Aspen Ridge Resort,Municipal,16-Nov-2025,22-Dec-2025,RW-7298,Road,L,Base,11,1519,Yes,10-Dec-2025
PO-RW-3113,Basin Adventure Co,Resort,17-Nov-2025,23-Dec-2025,RW-2984,Road,M,Carbon,2,3199,Yes,16-Dec-2025
PO-RW-3114,Capital City Bike Share,Tour operator,17-Nov-2025,17-Dec-2025,RW-7298,Road,L,Base,6,1519,Yes,10-Dec-2025
PO-RW-3115,Metro Transit Fleet,Tour operator,17-Nov-2025,07-Jan-2026,RW-1378,Road,L,Carbon,2,3199,Yes,12-Dec-2025
PO-RW-3118,Coast to Coast Rentals,Corporate,17-Nov-2025,10-Jan-2026,RW-4418,MTB,M,Carbon,2,3919,Yes,05-Dec-2025
PO-RW-3120,Evergreen Corporate Campus,Municipal,17-Nov-2025,15-Jan-2026,RW-6416,MTB,L,Carbon,1,3919,Yes,05-Dec-2025
PO-RW-3111,Blue Ridge Municipal,University,18-Nov-2025,23-Dec-2025,RW-9835,Road,M,Base,8,1519,Yes,10-Dec-2025
PO-RW-3110,Overland Tours,Municipal,19-Nov-2025,10-Jan-2026,RW-3980,Road,S,Carbon,3,3199,Yes,06-Dec-2025
PO-RW-3116,Evergreen Corporate Campus,Municipal,21-Nov-2025,18-Dec-2025,RW-9304,MTB,S,Carbon,4,3919,Yes,13-Dec-2025
PO-RW-3117,Timberline Outfitters,Rental fleet,21-Nov-2025,18-Jan-2026,RW-9324,MTB,M,Base,17,1839,Yes,06-Dec-2025
PO-RW-3112,Canyon Municipal Parks,Municipal,22-Nov-2025,01-Jan-2026,RW-9835,Road,M,Base,13,1519,Yes,17-Dec-2025
PO-RW-3119,Rocky Mountain Adventure Tours,Tour operator,23-Nov-2025,11-Jan-2026,RW-9901,MTB,L,Base,11,1839,Yes,16-Dec-2025
PO-RW-3124,Ridgeline University Rec,University,25-Nov-2025,02-Jan-2026,RW-7298,Road,L,Base,7,1519,Yes,03-Dec-2025
PO-RW-3125,Blue Ridge Municipal,University,25-Nov-2025,26-Dec-2025,RW-1378,Road,L,Carbon,3,3199,Yes,22-Dec-2025
PO-RW-3129,Summit Resort Group,Corporate,25-Nov-2025,29-Dec-2025,RW-9901,MTB,L,Base,12,1839,Yes,13-Dec-2025
PO-RW-3121,Riverfront Rentals,Tour operator,26-Nov-2025,07-Jan-2026,RW-3980,Road,S,Carbon,5,3199,Yes,21-Dec-2025
PO-RW-3122,Bayfront Hotels,Resort,26-Nov-2025,17-Dec-2025,RW-9835,Road,M,Base,16,1519,Yes,25-Dec-2025
PO-RW-3123,Rimrock Outfitters,Rental fleet,28-Nov-2025,10-Jan-2026,RW-2984,Road,M,Carbon,4,3199,Yes,09-Dec-2025
PO-RW-3126,Blue Ridge Municipal,University,29-Nov-2025,15-Jan-2026,RW-9304,MTB,S,Carbon,7,3919,Yes,27-Dec-2025
PO-RW-3127,Stonebridge Tours,Resort,29-Nov-2025,28-Dec-2025,RW-9324,MTB,M,Base,23,1839,Yes,16-Dec-2025
PO-RW-3128,Pacific Trails Outfitters,Corporate,29-Nov-2025,09-Jan-2026,RW-4418,MTB,M,Carbon,5,3919,Yes,28-Dec-2025
PO-RW-3130,Stonebridge Tours,Resort,29-Nov-2025,14-Jan-2026,RW-6416,MTB,L,Carbon,4,3919,Yes,07-Dec-2025
PO-RW-3132,Coast to Coast Rentals,Corporate,01-Dec-2025,12-Jan-2026,RW-9835,Road,M,Base,19,1519,Yes,24-Dec-2025
PO-RW-3139,Evergreen Corporate Campus,Municipal,01-Dec-2025,24-Dec-2025,RW-9901,MTB,L,Base,12,1839,Yes,20-Dec-2025
PO-RW-3133,Summit Resort Group,Corporate,03-Dec-2025,29-Jan-2026,RW-2984,Road,M,Carbon,7,3199,Yes,24-Dec-2025
PO-RW-3134,Peak Season Tours,Tour operator,03-Dec-2025,29-Jan-2026,RW-7298,Road,L,Base,24,1519,Yes,25-Dec-2025
PO-RW-3136,Ridgeline University Rec,University,03-Dec-2025,10-Jan-2026,RW-9304,MTB,S,Carbon,6,3919,Yes,18-Dec-2025
PO-RW-3135,Sierra Guided Rides,Resort,04-Dec-2025,19-Jan-2026,RW-1378,Road,L,Carbon,2,3199,Yes,16-Dec-2025
PO-RW-3138,Peak Season Tours,Tour operator,04-Dec-2025,25-Dec-2025,RW-4418,MTB,M,Carbon,6,3919,Yes,16-Dec-2025
PO-RW-3140,Northwest Corporate Wellness,Municipal,04-Dec-2025,25-Dec-2025,RW-6416,MTB,L,Carbon,3,3919,Yes,16-Dec-2025
PO-RW-3137,Riverfront Rentals,Tour operator,05-Dec-2025,08-Jan-2026,RW-9324,MTB,M,Base,25,1839,Yes,31-Dec-2025
PO-RW-3131,Peak Season Tours,Tour operator,06-Dec-2025,03-Feb-2026,RW-3980,Road,S,Carbon,5,3199,Yes,26-Dec-2025
PO-RW-3150,Copper Canyon Tours,Municipal,08-Dec-2025,31-Dec-2025,RW-9901,MTB,L,Base,19,1839,Yes,04-Jan-2026
PO-RW-3147,Canyon Country Tours,Rental fleet,09-Dec-2025,14-Jan-2026,RW-9324,MTB,M,Base,29,1839,Yes,22-Dec-2025
PO-RW-3148,Blue Ridge Municipal,University,10-Dec-2025,02-Jan-2026,RW-9324,MTB,M,Base,1,1839,Yes,31-Dec-2025
PO-RW-3145,Island Bike Rentals,Tour operator,11-Dec-2025,26-Jan-2026,RW-1378,Road,L,Carbon,6,3199,Yes,29-Dec-2025
PO-RW-3142,Canyon Municipal Parks,Municipal,13-Dec-2025,01-Feb-2026,RW-9835,Road,M,Base,10,1519,Yes,26-Dec-2025
PO-RW-3151,High Country Tours,Tour operator,13-Dec-2025,16-Jan-2026,RW-6416,MTB,L,Carbon,4,3919,Yes,02-Jan-2026
PO-RW-3141,Overland Tours,Municipal,14-Dec-2025,28-Jan-2026,RW-3980,Road,S,Carbon,5,3199,Yes,21-Dec-2025
PO-RW-3143,Metro Transit Fleet,Tour operator,14-Dec-2025,05-Feb-2026,RW-2984,Road,M,Carbon,9,3199,Yes,25-Dec-2025
PO-RW-3144,Metro Transit Fleet,Tour operator,14-Dec-2025,14-Jan-2026,RW-7298,Road,L,Base,12,1519,Yes,08-Jan-2026
PO-RW-3146,Prairie Tours,University,14-Dec-2025,08-Feb-2026,RW-9304,MTB,S,Carbon,5,3919,Yes,05-Jan-2026
PO-RW-3149,Peak Season Tours,Tour operator,14-Dec-2025,03-Feb-2026,RW-4418,MTB,M,Carbon,2,3919,Yes,29-Dec-2025
PO-RW-3162,Foothills Municipal,Corporate,16-Dec-2025,07-Jan-2026,RW-9901,MTB,L,Base,22,1839,Yes,01-Jan-2026
PO-RW-3161,Capital City Bike Share,Tour operator,17-Dec-2025,14-Feb-2026,RW-4418,MTB,M,Carbon,5,3919,Yes,12-Jan-2026
PO-RW-3154,Driftwood Beach Rentals,Rental fleet,18-Dec-2025,11-Jan-2026,RW-9835,Road,M,Base,12,1519,Yes,08-Jan-2026
PO-RW-3155,Pinnacle Corporate,University,18-Dec-2025,09-Feb-2026,RW-2984,Road,M,Carbon,7,3199,Yes,30-Dec-2025
PO-RW-3163,Foothills Municipal,Corporate,18-Dec-2025,20-Jan-2026,RW-6416,MTB,L,Carbon,2,3919,Yes,15-Jan-2026
PO-RW-3156,Stonebridge Tours,Resort,19-Dec-2025,01-Feb-2026,RW-7298,Road,L,Base,14,1519,Yes,08-Jan-2026
PO-RW-3157,Blue Water Resorts,University,19-Dec-2025,16-Jan-2026,RW-1378,Road,L,Carbon,6,3199,Yes,11-Jan-2026
PO-RW-3160,Blue Ridge Municipal,University,19-Dec-2025,23-Jan-2026,RW-9324,MTB,M,Base,11,1839,Yes,09-Jan-2026
PO-RW-3152,Pinnacle Corporate,University,20-Dec-2025,03-Feb-2026,RW-3980,Road,S,Carbon,4,3199,Yes,07-Jan-2026
PO-RW-3158,Riverfront Rentals,Tour operator,20-Dec-2025,17-Jan-2026,RW-9304,MTB,S,Carbon,6,3919,Yes,28-Dec-2025
PO-RW-3153,Foothills Municipal,Corporate,21-Dec-2025,14-Jan-2026,RW-9835,Road,M,Base,15,1519,Yes,30-Dec-2025
PO-RW-3159,Sunset Ridge Rentals,Municipal,21-Dec-2025,01-Feb-2026,RW-9324,MTB,M,Base,6,1839,Yes,05-Jan-2026
PO-RW-3172,Foothills Municipal,Corporate,23-Dec-2025,10-Feb-2026,RW-4418,MTB,M,Carbon,2,3919,Yes,02-Jan-2026
PO-RW-3164,Metro Transit Fleet,Tour operator,24-Dec-2025,19-Jan-2026,RW-3980,Road,S,Carbon,13,3199,Yes,06-Jan-2026
PO-RW-3174,Redstone Resort,Municipal,24-Dec-2025,12-Feb-2026,RW-6416,MTB,L,Carbon,3,3919,Yes,11-Jan-2026
PO-RW-3166,Peak Season Tours,Tour operator,25-Dec-2025,18-Feb-2026,RW-9835,Road,M,Base,4,1519,Yes,05-Jan-2026
PO-RW-3173,Redstone Resort,Municipal,25-Dec-2025,22-Jan-2026,RW-9901,MTB,L,Base,11,1839,Yes,18-Jan-2026
PO-RW-3167,Pinnacle Corporate,University,26-Dec-2025,26-Jan-2026,RW-2984,Road,M,Carbon,9,3199,Yes,03-Jan-2026
PO-RW-3168,Coast to Coast Rentals,Corporate,26-Dec-2025,20-Feb-2026,RW-7298,Road,L,Base,15,1519,Yes,06-Jan-2026
PO-RW-3170,Rocky Mountain Adventure Tours,Tour operator,26-Dec-2025,17-Feb-2026,RW-9304,MTB,S,Carbon,6,3919,Yes,09-Jan-2026
PO-RW-3165,Ridgeline University Rec,University,28-Dec-2025,29-Jan-2026,RW-9835,Road,M,Base,9,1519,Yes,13-Jan-2026
PO-RW-3169,Northwest Corporate Wellness,Municipal,28-Dec-2025,09-Feb-2026,RW-1378,Road,L,Carbon,5,3199,Yes,06-Jan-2026
PO-RW-3171,Evergreen Corporate Campus,Municipal,28-Dec-2025,20-Jan-2026,RW-9324,MTB,M,Base,31,1839,Yes,04-Jan-2026
PO-RW-3175,Metro Transit Fleet,Tour operator,29-Dec-2025,24-Jan-2026,RW-3980,Road,S,Carbon,5,3199,Yes,24-Jan-2026
PO-RW-3176,Metro Transit Fleet,Tour operator,30-Dec-2025,27-Jan-2026,RW-9835,Road,M,Base,14,1519,Yes,20-Jan-2026
PO-RW-3183,Blue Ridge Municipal,University,01-Jan-2026,20-Feb-2026,RW-4418,MTB,M,Carbon,9,3919,Yes,27-Jan-2026
PO-RW-3185,Bayfront Hotels,Resort,01-Jan-2026,16-Feb-2026,RW-6416,MTB,L,Carbon,4,3919,Yes,17-Jan-2026
PO-RW-3177,Blue Ridge Municipal,University,02-Jan-2026,31-Jan-2026,RW-9835,Road,M,Base,7,1519,Yes,20-Jan-2026
PO-RW-3179,Coast to Coast Rentals,Corporate,02-Jan-2026,02-Mar-2026,RW-7298,Road,L,Base,14,1519,Yes,30-Jan-2026
PO-RW-3181,Evergreen Corporate Campus,Municipal,02-Jan-2026,31-Jan-2026,RW-9304,MTB,S,Carbon,6,3919,Yes,10-Jan-2026
PO-RW-3184,Cascade Tour Company,Rental fleet,02-Jan-2026,13-Feb-2026,RW-9901,MTB,L,Base,16,1839,Yes,11-Jan-2026
PO-RW-3178,Foothills Municipal,Corporate,03-Jan-2026,02-Mar-2026,RW-2984,Road,M,Carbon,6,3199,Yes,23-Jan-2026
PO-RW-3180,Sunbelt Rentals Co,Rental fleet,04-Jan-2026,26-Feb-2026,RW-1378,Road,L,Carbon,7,3199,Yes,12-Jan-2026
PO-RW-3182,Summit Resort Group,Corporate,04-Jan-2026,25-Jan-2026,RW-9324,MTB,M,Base,28,1839,Yes,26-Jan-2026
PO-RW-3187,Timberline Outfitters,Rental fleet,05-Jan-2026,01-Mar-2026,RW-3980,Road,S,Carbon,2,3199,Yes,16-Jan-2026
PO-RW-3189,Northwest Corporate Wellness,Municipal,05-Jan-2026,03-Mar-2026,RW-2984,Road,M,Carbon,3,3199,Yes,02-Feb-2026
PO-RW-3192,Granite State University,University,05-Jan-2026,27-Jan-2026,RW-9304,MTB,S,Carbon,7,3919,Yes,17-Jan-2026
PO-RW-3193,Northwest Corporate Wellness,Municipal,05-Jan-2026,05-Mar-2026,RW-9324,MTB,M,Base,11,1839,Yes,24-Jan-2026
PO-RW-3195,Overland Tours,Municipal,06-Jan-2026,02-Mar-2026,RW-4418,MTB,M,Carbon,5,3919,Yes,01-Feb-2026
PO-RW-3190,Timberline Outfitters,Rental fleet,07-Jan-2026,20-Feb-2026,RW-7298,Road,L,Base,12,1519,Yes,18-Jan-2026
PO-RW-3194,Metro Transit Fleet,Tour operator,07-Jan-2026,03-Mar-2026,RW-9324,MTB,M,Base,11,1839,Yes,26-Jan-2026
PO-RW-3198,Overland Tours,Municipal,07-Jan-2026,25-Feb-2026,RW-6416,MTB,L,Carbon,2,3919,Yes,20-Jan-2026
PO-RW-3196,Stonebridge Tours,Resort,08-Jan-2026,31-Jan-2026,RW-9901,MTB,L,Base,7,1839,Yes,29-Jan-2026
PO-RW-3197,Stonebridge Tours,Resort,08-Jan-2026,03-Feb-2026,RW-9901,MTB,L,Base,16,1839,Yes,04-Feb-2026
PO-RW-3186,Foothills Municipal,Corporate,09-Jan-2026,13-Feb-2026,RW-3980,Road,S,Carbon,12,3199,Yes,02-Feb-2026
PO-RW-3188,Highline Adventures,Corporate,10-Jan-2026,10-Mar-2026,RW-9835,Road,M,Base,24,1519,Yes,20-Jan-2026
PO-RW-3191,Stonebridge Tours,Resort,10-Jan-2026,16-Feb-2026,RW-1378,Road,L,Carbon,5,3199,Yes,24-Jan-2026
PO-RW-3205,Cedar Point Rentals,Resort,12-Jan-2026,23-Feb-2026,RW-9304,MTB,S,Carbon,6,3919,Yes,04-Feb-2026
PO-RW-3206,Stonebridge Tours,Resort,12-Jan-2026,06-Feb-2026,RW-9324,MTB,M,Base,18,1839,Yes,05-Feb-2026
PO-RW-3199,Canyon Municipal Parks,Municipal,13-Jan-2026,10-Mar-2026,RW-3980,Road,S,Carbon,3,3199,Yes,10-Feb-2026
PO-RW-3209,Basin Adventure Co,Resort,13-Jan-2026,23-Feb-2026,RW-6416,MTB,L,Carbon,6,3919,Yes,10-Feb-2026
PO-RW-3203,Granite State University,University,14-Jan-2026,26-Feb-2026,RW-7298,Road,L,Base,14,1519,Yes,11-Feb-2026
PO-RW-3204,Lakeshore Municipal Parks,Corporate,14-Jan-2026,27-Feb-2026,RW-1378,Road,L,Carbon,2,3199,Yes,22-Jan-2026
PO-RW-3208,Coast to Coast Rentals,Corporate,16-Jan-2026,05-Mar-2026,RW-9901,MTB,L,Base,10,1839,Yes,30-Jan-2026
PO-RW-3200,Rocky Mountain Adventure Tours,Tour operator,18-Jan-2026,14-Feb-2026,RW-9835,Road,M,Base,26,1519,Yes,06-Feb-2026
PO-RW-3201,Cascade Tour Company,Rental fleet,18-Jan-2026,07-Mar-2026,RW-9835,Road,M,Base,2,1519,Yes,31-Jan-2026
PO-RW-3202,Blue Water Resorts,University,18-Jan-2026,21-Feb-2026,RW-2984,Road,M,Carbon,4,3199,Yes,16-Feb-2026
PO-RW-3207,Basin Adventure Co,Resort,18-Jan-2026,12-Mar-2026,RW-4418,MTB,M,Carbon,8,3919,Yes,30-Jan-2026
PO-RW-3212,Prairie Tours,University,20-Jan-2026,11-Feb-2026,RW-2984,Road,M,Carbon,10,3199,Yes,06-Feb-2026
PO-RW-3215,High Country Tours,Tour operator,22-Jan-2026,17-Mar-2026,RW-9304,MTB,S,Carbon,8,3919,Yes,08-Feb-2026
PO-RW-3217,Frontier Tours,Resort,22-Jan-2026,15-Mar-2026,RW-9324,MTB,M,Base,15,1839,Yes,06-Feb-2026
PO-RW-3218,Elk Meadow Lodge,Tour operator,22-Jan-2026,16-Mar-2026,RW-4418,MTB,M,Carbon,4,3919,Yes,19-Feb-2026
PO-RW-3220,Blue Ridge Municipal,University,22-Jan-2026,12-Feb-2026,RW-6416,MTB,L,Carbon,3,3919,Yes,19-Feb-2026
PO-RW-3210,Coast to Coast Rentals,Corporate,24-Jan-2026,11-Mar-2026,RW-3980,Road,S,Carbon,5,3199,Yes,06-Feb-2026
PO-RW-3214,Cascade Tour Company,Rental fleet,24-Jan-2026,16-Feb-2026,RW-1378,Road,L,Carbon,2,3199,Yes,09-Feb-2026
PO-RW-3216,Riverfront Rentals,Tour operator,24-Jan-2026,25-Feb-2026,RW-9324,MTB,M,Base,13,1839,Yes,14-Feb-2026
PO-RW-3219,Summit Resort Group,Corporate,24-Jan-2026,19-Mar-2026,RW-9901,MTB,L,Base,4,1839,Yes,14-Feb-2026
PO-RW-3211,Foothills Municipal,Corporate,25-Jan-2026,16-Mar-2026,RW-9835,Road,M,Base,17,1519,Yes,10-Feb-2026
PO-RW-3213,Canyon Country Tours,Rental fleet,25-Jan-2026,02-Mar-2026,RW-7298,Road,L,Base,18,1519,Yes,03-Feb-2026
PO-RW-3221,Summit Resort Group,Corporate,26-Jan-2026,13-Mar-2026,RW-3980,Road,S,Carbon,9,3199,Yes,05-Feb-2026
PO-RW-3223,Foothills Municipal,Corporate,27-Jan-2026,09-Mar-2026,RW-2984,Road,M,Carbon,6,3199,Yes,09-Feb-2026
PO-RW-3228,Sunset Ridge Rentals,Municipal,27-Jan-2026,27-Feb-2026,RW-4418,MTB,M,Carbon,6,3919,Yes,07-Feb-2026
PO-RW-3227,Sunset Ridge Rentals,Municipal,28-Jan-2026,06-Mar-2026,RW-9324,MTB,M,Base,29,1839,Yes,14-Feb-2026
PO-RW-3225,Capital City Bike Share,Tour operator,30-Jan-2026,18-Mar-2026,RW-1378,Road,L,Carbon,3,3199,Yes,26-Feb-2026
PO-RW-3226,Highline Adventures,Corporate,31-Jan-2026,22-Feb-2026,RW-9304,MTB,S,Carbon,4,3919,Yes,23-Feb-2026
PO-RW-3229,Foothills Municipal,Corporate,31-Jan-2026,12-Mar-2026,RW-9901,MTB,L,Base,14,1839,Yes,10-Feb-2026
PO-RW-3222,Evergreen Corporate Campus,Municipal,01-Feb-2026,24-Mar-2026,RW-9835,Road,M,Base,21,1519,Yes,01-Mar-2026
PO-RW-3224,Pinnacle Corporate,University,01-Feb-2026,27-Feb-2026,RW-7298,Road,L,Base,14,1519,Yes,22-Feb-2026
PO-RW-3230,Frontier Tours,Resort,01-Feb-2026,24-Feb-2026,RW-6416,MTB,L,Carbon,1,3919,Yes,22-Feb-2026
PO-RW-3231,Frontier Tours,Resort,02-Feb-2026,09-Mar-2026,RW-3980,Road,S,Carbon,5,3199,Yes,18-Feb-2026
PO-RW-3236,Evergreen Corporate Campus,Municipal,02-Feb-2026,05-Mar-2026,RW-9304,MTB,S,Carbon,7,3919,Yes,19-Feb-2026
PO-RW-3232,Highline Adventures,Corporate,03-Feb-2026,31-Mar-2026,RW-9835,Road,M,Base,19,1519,Yes,04-Mar-2026
PO-RW-3235,Metro Transit Fleet,Tour operator,03-Feb-2026,21-Mar-2026,RW-1378,Road,L,Carbon,6,3199,Yes,03-Mar-2026
PO-RW-3237,Alpine Lodge Collection,Corporate,04-Feb-2026,04-Apr-2026,RW-9324,MTB,M,Base,20,1839,Yes,01-Mar-2026
PO-RW-3238,Sunset Ridge Rentals,Municipal,04-Feb-2026,22-Mar-2026,RW-4418,MTB,M,Carbon,8,3919,Yes,23-Feb-2026
PO-RW-3240,High Country Tours,Tour operator,05-Feb-2026,01-Apr-2026,RW-6416,MTB,L,Carbon,8,3919,Yes,05-Mar-2026
PO-RW-3233,Bayfront Hotels,Resort,06-Feb-2026,02-Apr-2026,RW-2984,Road,M,Carbon,3,3199,Yes,16-Feb-2026
PO-RW-3239,Northwest Corporate Wellness,Municipal,07-Feb-2026,05-Apr-2026,RW-9901,MTB,L,Base,14,1839,Yes,27-Feb-2026
PO-RW-3234,Riverfront Rentals,Tour operator,08-Feb-2026,14-Mar-2026,RW-7298,Road,L,Base,11,1519,Yes,20-Feb-2026
PO-RW-3241,Cascade Tour Company,Rental fleet,11-Feb-2026,12-Mar-2026,RW-3980,Road,S,Carbon,3,3199,Yes,02-Mar-2026
PO-RW-3244,Blue Water Resorts,University,13-Feb-2026,27-Mar-2026,RW-7298,Road,L,Base,16,1519,Yes,07-Mar-2026
PO-RW-3248,Peak Season Tours,Tour operator,13-Feb-2026,13-Mar-2026,RW-4418,MTB,M,Carbon,6,3919,Yes,22-Feb-2026
PO-RW-3250,Alpine Lodge Collection,Corporate,13-Feb-2026,02-Apr-2026,RW-6416,MTB,L,Carbon,4,3919,Yes,23-Feb-2026
PO-RW-3242,Harborview University,University,14-Feb-2026,12-Apr-2026,RW-9835,Road,M,Base,27,1519,Yes,22-Feb-2026
PO-RW-3245,Prairie Tours,University,14-Feb-2026,24-Mar-2026,RW-1378,Road,L,Carbon,3,3199,Yes,02-Mar-2026
PO-RW-3246,Summit Resort Group,Corporate,14-Feb-2026,09-Apr-2026,RW-9304,MTB,S,Carbon,7,3919,Yes,25-Feb-2026
PO-RW-3247,Overland Tours,Municipal,14-Feb-2026,10-Mar-2026,RW-9324,MTB,M,Base,19,1839,Yes,12-Mar-2026
PO-RW-3243,Riverfront Rentals,Tour operator,15-Feb-2026,29-Mar-2026,RW-2984,Road,M,Carbon,6,3199,Yes,14-Mar-2026
PO-RW-3249,Highline Adventures,Corporate,15-Feb-2026,11-Mar-2026,RW-9901,MTB,L,Base,23,1839,Yes,06-Mar-2026
PO-RW-3253,Metro Transit Fleet,Tour operator,16-Feb-2026,10-Apr-2026,RW-2984,Road,M,Carbon,6,3199,Yes,26-Feb-2026
PO-RW-3251,Granite State University,University,17-Feb-2026,15-Apr-2026,RW-3980,Road,S,Carbon,2,3199,Yes,09-Mar-2026
PO-RW-3255,Northern Lights Adventures,Rental fleet,18-Feb-2026,04-Apr-2026,RW-7298,Road,L,Base,8,1519,Yes,19-Mar-2026
PO-RW-3260,Northwest Corporate Wellness,Municipal,18-Feb-2026,15-Mar-2026,RW-4418,MTB,M,Carbon,5,3919,Yes,01-Mar-2026
PO-RW-3262,Foothills Municipal,Corporate,18-Feb-2026,29-Mar-2026,RW-6416,MTB,L,Carbon,3,3919,Yes,09-Mar-2026
PO-RW-3252,Highline Adventures,Corporate,19-Feb-2026,30-Mar-2026,RW-9835,Road,M,Base,24,1519,Yes,04-Mar-2026
PO-RW-3257,Summit Resort Group,Corporate,19-Feb-2026,20-Mar-2026,RW-9304,MTB,S,Carbon,6,3919,Yes,10-Mar-2026
PO-RW-3254,Desert Sun Rentals,Resort,20-Feb-2026,15-Mar-2026,RW-7298,Road,L,Base,6,1519,Yes,19-Mar-2026
PO-RW-3256,Metro Transit Fleet,Tour operator,20-Feb-2026,24-Mar-2026,RW-1378,Road,L,Carbon,7,3199,Yes,11-Mar-2026
PO-RW-3258,Alpine Lodge Collection,Corporate,20-Feb-2026,20-Apr-2026,RW-9324,MTB,M,Base,8,1839,Yes,06-Mar-2026
PO-RW-3259,Summit Resort Group,Corporate,21-Feb-2026,13-Apr-2026,RW-9324,MTB,M,Base,12,1839,Yes,04-Mar-2026
PO-RW-3261,Grand Vista Resort,University,22-Feb-2026,16-Apr-2026,RW-9901,MTB,L,Base,16,1839,Yes,22-Mar-2026
PO-RW-3272,Highline Adventures,Corporate,23-Feb-2026,26-Mar-2026,RW-9901,MTB,L,Base,19,1839,Yes,07-Mar-2026
PO-RW-3271,Northwest Corporate Wellness,Municipal,25-Feb-2026,05-Apr-2026,RW-4418,MTB,M,Carbon,4,3919,Yes,12-Mar-2026
PO-RW-3266,Highline Adventures,Corporate,26-Feb-2026,24-Apr-2026,RW-2984,Road,M,Carbon,6,3199,Yes,21-Mar-2026
PO-RW-3265,Alpine Lodge Collection,Corporate,27-Feb-2026,21-Apr-2026,RW-9835,Road,M,Base,4,1519,Yes,22-Mar-2026
PO-RW-3268,Northwest Corporate Wellness,Municipal,27-Feb-2026,14-Apr-2026,RW-1378,Road,L,Carbon,5,3199,Yes,27-Mar-2026
PO-RW-3269,Rocky Mountain Adventure Tours,Tour operator,27-Feb-2026,14-Apr-2026,RW-9304,MTB,S,Carbon,9,3919,Yes,11-Mar-2026
PO-RW-3267,Peak Season Tours,Tour operator,28-Feb-2026,04-Apr-2026,RW-7298,Road,L,Base,10,1519,Yes,26-Mar-2026
PO-RW-3270,Frontier Tours,Resort,28-Feb-2026,27-Apr-2026,RW-9324,MTB,M,Base,23,1839,Yes,25-Mar-2026
PO-RW-3263,Overland Tours,Municipal,01-Mar-2026,22-Apr-2026,RW-3980,Road,S,Carbon,6,3199,Yes,12-Mar-2026
PO-RW-3264,Blue Ridge Municipal,University,01-Mar-2026,22-Apr-2026,RW-9835,Road,M,Base,14,1519,Yes,15-Mar-2026
PO-RW-3273,Timberline Outfitters,Rental fleet,01-Mar-2026,29-Apr-2026,RW-6416,MTB,L,Carbon,4,3919,Yes,09-Mar-2026
PO-RW-3276,Foothills Municipal,Corporate,02-Mar-2026,29-Mar-2026,RW-9835,Road,M,Base,13,1519,Yes,13-Mar-2026
PO-RW-3279,Blue Water Resorts,University,02-Mar-2026,10-Apr-2026,RW-7298,Road,L,Base,15,1519,Yes,20-Mar-2026
PO-RW-3281,Bayfront Hotels,Resort,02-Mar-2026,23-Apr-2026,RW-1378,Road,L,Carbon,8,3199,Yes,25-Mar-2026
PO-RW-3277,Timberline Outfitters,Rental fleet,03-Mar-2026,24-Mar-2026,RW-9835,Road,M,Base,4,1519,Yes,18-Mar-2026
PO-RW-3284,Foothills Municipal,Corporate,03-Mar-2026,01-May-2026,RW-9324,MTB,M,Base,9,1839,Yes,31-Mar-2026
PO-RW-3286,Stonebridge Tours,Resort,04-Mar-2026,30-Apr-2026,RW-4418,MTB,M,Carbon,7,3919,Yes,14-Mar-2026
PO-RW-3278,Bayfront Hotels,Resort,05-Mar-2026,01-Apr-2026,RW-2984,Road,M,Carbon,10,3199,Yes,18-Mar-2026
PO-RW-3288,Cedar Point Rentals,Resort,05-Mar-2026,29-Mar-2026,RW-6416,MTB,L,Carbon,6,3919,Yes,23-Mar-2026
PO-RW-3282,Island Bike Rentals,Tour operator,06-Mar-2026,29-Mar-2026,RW-9304,MTB,S,Carbon,13,3919,Yes,16-Mar-2026
PO-RW-3283,Riverfront Rentals,Tour operator,06-Mar-2026,24-Apr-2026,RW-9324,MTB,M,Base,8,1839,Yes,23-Mar-2026
PO-RW-3285,Frontier Tours,Resort,06-Mar-2026,05-Apr-2026,RW-9324,MTB,M,Base,15,1839,Yes,01-Apr-2026
PO-RW-3274,Metro Transit Fleet,Tour operator,07-Mar-2026,14-Apr-2026,RW-3980,Road,S,Carbon,9,3199,Yes,19-Mar-2026
PO-RW-3280,Trailblazer Tour Co,Resort,07-Mar-2026,05-May-2026,RW-7298,Road,L,Base,5,1519,Yes,18-Mar-2026
PO-RW-3287,Blue Water Resorts,University,07-Mar-2026,28-Apr-2026,RW-9901,MTB,L,Base,21,1839,Yes,05-Apr-2026
PO-RW-3275,Evergreen Corporate Campus,Municipal,08-Mar-2026,30-Mar-2026,RW-9835,Road,M,Base,20,1519,Yes,31-Mar-2026
PO-RW-3299,Rocky Mountain Adventure Tours,Tour operator,09-Mar-2026,16-Apr-2026,RW-9324,MTB,M,Base,8,1839,Yes,01-Apr-2026
PO-RW-3301,Overland Tours,Municipal,09-Mar-2026,29-Apr-2026,RW-9901,MTB,L,Base,17,1839,Yes,24-Mar-2026
PO-RW-3303,Coastal University Athletics,Municipal,09-Mar-2026,27-Apr-2026,RW-6416,MTB,L,Carbon,6,3919,Yes,03-Apr-2026
PO-RW-3300,Bayfront Hotels,Resort,11-Mar-2026,12-Apr-2026,RW-4418,MTB,M,Carbon,9,3919,Yes,19-Mar-2026
PO-RW-3292,Blue Ridge Municipal,University,12-Mar-2026,28-Apr-2026,RW-2984,Road,M,Carbon,21,3199,Yes,01-Apr-2026
PO-RW-3293,Prairie Tours,University,12-Mar-2026,10-Apr-2026,RW-7298,Road,L,Base,17,1519,Yes,23-Mar-2026
PO-RW-3290,Highline Adventures,Corporate,13-Mar-2026,05-Apr-2026,RW-3980,Road,S,Carbon,3,3199,Yes,25-Mar-2026
PO-RW-3294,Sunset Ridge Rentals,Municipal,13-Mar-2026,15-Apr-2026,RW-1378,Road,L,Carbon,6,3199,Yes,01-Apr-2026
PO-RW-3302,Overland Tours,Municipal,13-Mar-2026,15-Apr-2026,RW-9901,MTB,L,Base,12,1839,Yes,07-Apr-2026
PO-RW-3295,Blue Ridge Municipal,University,14-Mar-2026,04-Apr-2026,RW-9304,MTB,S,Carbon,6,3919,Yes,31-Mar-2026
PO-RW-3296,Evergreen Corporate Campus,Municipal,14-Mar-2026,27-Apr-2026,RW-9324,MTB,M,Base,12,1839,Yes,02-Apr-2026
PO-RW-3297,Bayfront Hotels,Resort,14-Mar-2026,09-May-2026,RW-9324,MTB,M,Base,7,1839,Yes,08-Apr-2026
PO-RW-3298,Summit Resort Group,Corporate,14-Mar-2026,03-May-2026,RW-9324,MTB,M,Base,11,1839,Yes,21-Mar-2026
PO-RW-3289,Stonebridge Tours,Resort,15-Mar-2026,06-Apr-2026,RW-3980,Road,S,Carbon,9,3199,Yes,03-Apr-2026
PO-RW-3291,Copper Canyon Tours,Municipal,15-Mar-2026,11-May-2026,RW-9835,Road,M,Base,22,1519,Yes,24-Mar-2026
PO-RW-3305,Pacific Trails Outfitters,Corporate,16-Mar-2026,23-Apr-2026,RW-9835,Road,M,Base,22,1519,Yes,12-Apr-2026
PO-RW-3306,Rocky Mountain Adventure Tours,Tour operator,16-Mar-2026,14-May-2026,RW-9835,Road,M,Base,5,1519,Yes,13-Apr-2026
PO-RW-3308,Canyon Municipal Parks,Municipal,16-Mar-2026,28-Apr-2026,RW-7298,Road,L,Base,24,1519,Yes,23-Mar-2026
PO-RW-3310,Blue Water Resorts,University,16-Mar-2026,24-Apr-2026,RW-1378,Road,L,Carbon,7,3199,Yes,09-Apr-2026
PO-RW-3314,Bay Area Bike Rentals,Rental fleet,16-Mar-2026,06-May-2026,RW-9324,MTB,M,Base,4,1839,Yes,09-Apr-2026
PO-RW-3316,Rocky Mountain Adventure Tours,Tour operator,16-Mar-2026,12-Apr-2026,RW-9901,MTB,L,Base,21,1839,Yes,09-Apr-2026
PO-RW-3307,Sierra Guided Rides,Resort,17-Mar-2026,09-Apr-2026,RW-2984,Road,M,Carbon,9,3199,Yes,02-Apr-2026
PO-RW-3313,Highline Adventures,Corporate,19-Mar-2026,03-May-2026,RW-9324,MTB,M,Base,34,1839,Yes,07-Apr-2026
PO-RW-3315,Blue Ridge Municipal,University,19-Mar-2026,16-May-2026,RW-4418,MTB,M,Carbon,10,3919,Yes,31-Mar-2026
PO-RW-3317,Peak Season Tours,Tour operator,19-Mar-2026,11-Apr-2026,RW-6416,MTB,L,Carbon,2,3919,Yes,10-Apr-2026
PO-RW-3312,Basin Adventure Co,Resort,20-Mar-2026,16-Apr-2026,RW-9324,MTB,M,Base,13,1839,Yes,09-Apr-2026
PO-RW-3309,Metro Transit Fleet,Tour operator,21-Mar-2026,14-May-2026,RW-7298,Road,L,Base,4,1519,Yes,03-Apr-2026
PO-RW-3304,Capital City Bike Share,Tour operator,22-Mar-2026,06-May-2026,RW-3980,Road,S,Carbon,6,3199,Yes,07-Apr-2026
PO-RW-3311,Sunset Ridge Rentals,Municipal,22-Mar-2026,05-May-2026,RW-9304,MTB,S,Carbon,10,3919,Yes,29-Mar-2026
PO-RW-3318,Northwest Corporate Wellness,Municipal,24-Mar-2026,17-May-2026,RW-3980,Road,S,Carbon,7,3199,Yes,13-Apr-2026
PO-RW-3322,Evergreen Corporate Campus,Municipal,24-Mar-2026,29-Apr-2026,RW-7298,Road,L,Base,3,1519,Yes,19-Apr-2026
PO-RW-3320,Metro Parks Department,Municipal,25-Mar-2026,13-May-2026,RW-2984,Road,M,Carbon,13,3199,Yes,05-Apr-2026
PO-RW-3321,Stonebridge Tours,Resort,25-Mar-2026,14-May-2026,RW-7298,Road,L,Base,10,1519,Yes,20-Apr-2026
PO-RW-3325,Wildwood Resort,Corporate,25-Mar-2026,25-Apr-2026,RW-9324,MTB,M,Base,24,1839,Yes,09-Apr-2026
PO-RW-3326,Capital City Bike Share,Tour operator,25-Mar-2026,17-May-2026,RW-9324,MTB,M,Base,6,1839,Yes,09-Apr-2026
PO-RW-3319,Cascade Tour Company,Rental fleet,26-Mar-2026,23-Apr-2026,RW-9835,Road,M,Base,33,1519,Yes,09-Apr-2026
PO-RW-3323,Lakeside Resort & Spa,Resort,26-Mar-2026,27-Apr-2026,RW-1378,Road,L,Carbon,9,3199,Yes,11-Apr-2026
PO-RW-3329,Metro Transit Fleet,Tour operator,26-Mar-2026,22-Apr-2026,RW-9901,MTB,L,Base,25,1839,Yes,06-Apr-2026
PO-RW-3327,Desert Sun Rentals,Resort,27-Mar-2026,13-May-2026,RW-9324,MTB,M,Base,8,1839,Yes,06-Apr-2026
PO-RW-3324,Island Bike Rentals,Tour operator,28-Mar-2026,10-May-2026,RW-9304,MTB,S,Carbon,12,3919,Yes,20-Apr-2026
PO-RW-3328,Grand Vista Resort,University,28-Mar-2026,27-Apr-2026,RW-4418,MTB,M,Carbon,9,3919,Yes,05-Apr-2026
PO-RW-3330,Copper Canyon Tours,Municipal,29-Mar-2026,28-Apr-2026,RW-6416,MTB,L,Carbon,6,3919,Yes,24-Apr-2026
PO-RW-3338,Redstone Resort,Municipal,30-Mar-2026,14-May-2026,RW-9304,MTB,S,Carbon,10,3919,Yes,15-Apr-2026
PO-RW-3339,Blue Water Resorts,University,30-Mar-2026,04-May-2026,RW-9324,MTB,M,Base,32,1839,Yes,11-Apr-2026
PO-RW-3331,Stonebridge Tours,Resort,31-Mar-2026,26-May-2026,RW-3980,Road,S,Carbon,8,3199,Yes,12-Apr-2026
PO-RW-3344,Coastal University Athletics,Municipal,31-Mar-2026,26-Apr-2026,RW-9901,MTB,L,Base,14,1839,Yes,08-Apr-2026
PO-RW-3342,Stonebridge Tours,Resort,01-Apr-2026,24-Apr-2026,RW-4418,MTB,M,Carbon,1,3919,Yes,08-Apr-2026
PO-RW-3345,Canyon Country Tours,Rental fleet,02-Apr-2026,23-May-2026,RW-6416,MTB,L,Carbon,2,3919,Yes,11-Apr-2026
PO-RW-3332,Metro Transit Fleet,Tour operator,03-Apr-2026,28-Apr-2026,RW-3980,Road,S,Carbon,3,3199,Yes,25-Apr-2026
PO-RW-3334,Frontier Tours,Resort,03-Apr-2026,27-May-2026,RW-9835,Road,M,Base,4,1519,Yes,20-Apr-2026
PO-RW-3335,Bayfront Hotels,Resort,03-Apr-2026,11-May-2026,RW-2984,Road,M,Carbon,15,3199,Yes,22-Apr-2026
PO-RW-3343,Sunbelt Rentals Co,Rental fleet,03-Apr-2026,04-May-2026,RW-9901,MTB,L,Base,6,1839,Yes,10-Apr-2026
PO-RW-3333,Foothills Municipal,Corporate,04-Apr-2026,09-May-2026,RW-9835,Road,M,Base,21,1519,Yes,28-Apr-2026
PO-RW-3336,Rocky Mountain Adventure Tours,Tour operator,04-Apr-2026,12-May-2026,RW-7298,Road,L,Base,13,1519,Yes,13-Apr-2026
PO-RW-3337,Overland Tours,Municipal,04-Apr-2026,26-May-2026,RW-1378,Road,L,Carbon,4,3199,Yes,24-Apr-2026
PO-RW-3340,Evergreen Corporate Campus,Municipal,04-Apr-2026,25-Apr-2026,RW-9324,MTB,M,Base,6,1839,Yes,16-Apr-2026
PO-RW-3341,Canyon Municipal Parks,Municipal,04-Apr-2026,28-May-2026,RW-4418,MTB,M,Carbon,15,3919,Yes,14-Apr-2026
PO-RW-3351,Pacific Trails Outfitters,Corporate,06-Apr-2026,21-May-2026,RW-7298,Road,L,Base,14,1519,Yes,22-Apr-2026
PO-RW-3356,Metro Transit Fleet,Tour operator,06-Apr-2026,10-May-2026,RW-9324,MTB,M,Base,5,1839,Yes,24-Apr-2026
PO-RW-3347,Bay Area Bike Rentals,Rental fleet,08-Apr-2026,17-May-2026,RW-9835,Road,M,Base,18,1519,Yes,06-May-2026
PO-RW-3359,Metro Transit Fleet,Tour operator,09-Apr-2026,19-May-2026,RW-6416,MTB,L,Carbon,7,3919,Yes,24-Apr-2026
PO-RW-3352,Blue Ridge Municipal,University,10-Apr-2026,28-May-2026,RW-1378,Road,L,Carbon,4,3199,Yes,21-Apr-2026
PO-RW-3348,Pinnacle Corporate,University,11-Apr-2026,02-Jun-2026,RW-9835,Road,M,Base,14,1519,Yes,30-Apr-2026
PO-RW-3349,Coast to Coast Rentals,Corporate,11-Apr-2026,27-May-2026,RW-9835,Road,M,Base,2,1519,Yes,27-Apr-2026
PO-RW-3350,Canyon Country Tours,Rental fleet,11-Apr-2026,03-Jun-2026,RW-2984,Road,M,Carbon,11,3199,Yes,21-Apr-2026
PO-RW-3353,Basin Adventure Co,Resort,11-Apr-2026,09-Jun-2026,RW-9304,MTB,S,Carbon,8,3919,Yes,09-May-2026
PO-RW-3354,Sunset Ridge Rentals,Municipal,11-Apr-2026,06-May-2026,RW-9324,MTB,M,Base,14,1839,Yes,08-May-2026
PO-RW-3357,Overland Tours,Municipal,11-Apr-2026,18-May-2026,RW-4418,MTB,M,Carbon,10,3919,Yes,10-May-2026
PO-RW-3358,Northern Lights Adventures,Rental fleet,11-Apr-2026,12-May-2026,RW-9901,MTB,L,Base,22,1839,Yes,07-May-2026
PO-RW-3346,Pinnacle Corporate,University,12-Apr-2026,10-May-2026,RW-3980,Road,S,Carbon,19,3199,Yes,06-May-2026
PO-RW-3355,Blue Water Resorts,University,12-Apr-2026,25-May-2026,RW-9324,MTB,M,Base,22,1839,Yes,03-May-2026
PO-RW-3366,Metro Transit Fleet,Tour operator,14-Apr-2026,08-Jun-2026,RW-9304,MTB,S,Carbon,19,3919,Yes,03-May-2026
PO-RW-3367,Blue Ridge Municipal,University,14-Apr-2026,10-Jun-2026,RW-9324,MTB,M,Base,22,1839,Yes,25-Apr-2026
PO-RW-3363,Riverfront Rentals,Tour operator,15-Apr-2026,06-Jun-2026,RW-2984,Road,M,Carbon,9,3199,Yes,27-Apr-2026
PO-RW-3368,Coastal University Athletics,Municipal,15-Apr-2026,26-May-2026,RW-9324,MTB,M,Base,8,1839,Yes,06-May-2026
PO-RW-3369,Peak Season Tours,Tour operator,15-Apr-2026,31-May-2026,RW-9324,MTB,M,Base,10,1839,Yes,30-Apr-2026
PO-RW-3360,Foothills Municipal,Corporate,16-Apr-2026,31-May-2026,RW-3980,Road,S,Carbon,11,3199,Yes,05-May-2026
PO-RW-3364,Peak Season Tours,Tour operator,16-Apr-2026,07-May-2026,RW-7298,Road,L,Base,26,1519,Yes,13-May-2026
PO-RW-3365,Coastal University Athletics,Municipal,16-Apr-2026,30-May-2026,RW-1378,Road,L,Carbon,7,3199,Yes,26-Apr-2026
PO-RW-3372,Basin Adventure Co,Resort,16-Apr-2026,03-Jun-2026,RW-9901,MTB,L,Base,8,1839,Yes,26-Apr-2026
PO-RW-3361,Canyon Municipal Parks,Municipal,17-Apr-2026,19-May-2026,RW-9835,Road,M,Base,11,1519,Yes,07-May-2026
PO-RW-3370,Trailblazer Tour Co,Resort,18-Apr-2026,14-May-2026,RW-4418,MTB,M,Carbon,6,3919,Yes,09-May-2026
PO-RW-3373,Basin Adventure Co,Resort,18-Apr-2026,09-May-2026,RW-6416,MTB,L,Carbon,7,3919,Yes,08-May-2026
PO-RW-3362,Northwest Corporate Wellness,Municipal,19-Apr-2026,27-May-2026,RW-9835,Road,M,Base,20,1519,Yes,17-May-2026
PO-RW-3371,Canyon Country Tours,Rental fleet,19-Apr-2026,08-Jun-2026,RW-9901,MTB,L,Base,27,1839,Yes,10-May-2026
PO-RW-3377,Evergreen Corporate Campus,Municipal,20-Apr-2026,17-Jun-2026,RW-2984,Road,M,Carbon,6,3199,Yes,14-May-2026
PO-RW-3378,Valley Corporate Fleet,Resort,20-Apr-2026,10-Jun-2026,RW-7298,Road,L,Base,23,1519,Yes,17-May-2026
PO-RW-3384,Sierra Guided Rides,Resort,20-Apr-2026,15-May-2026,RW-9901,MTB,L,Base,21,1839,Yes,07-May-2026
PO-RW-3382,Overland Tours,Municipal,21-Apr-2026,16-Jun-2026,RW-9324,MTB,M,Base,12,1839,Yes,09-May-2026
PO-RW-3374,Metro Transit Fleet,Tour operator,22-Apr-2026,24-May-2026,RW-3980,Road,S,Carbon,6,3199,Yes,30-Apr-2026
PO-RW-3375,Riverfront Rentals,Tour operator,22-Apr-2026,20-May-2026,RW-9835,Road,M,Base,7,1519,Yes,12-May-2026
PO-RW-3376,Northern Lights Adventures,Rental fleet,23-Apr-2026,19-May-2026,RW-9835,Road,M,Base,22,1519,Yes,08-May-2026
PO-RW-3381,Metro Parks Department,Municipal,24-Apr-2026,18-May-2026,RW-9324,MTB,M,Base,29,1839,Yes,18-May-2026
PO-RW-3385,Sunset Ridge Rentals,Municipal,24-Apr-2026,01-Jun-2026,RW-6416,MTB,L,Carbon,8,3919,Yes,23-May-2026
PO-RW-3379,Pinnacle Corporate,University,26-Apr-2026,06-Jun-2026,RW-1378,Road,L,Carbon,1,3199,Yes,10-May-2026
PO-RW-3380,Highline Adventures,Corporate,26-Apr-2026,09-Jun-2026,RW-9304,MTB,S,Carbon,11,3919,Yes,13-May-2026
PO-RW-3383,Tidewater Tours,Rental fleet,26-Apr-2026,20-May-2026,RW-4418,MTB,M,Carbon,12,3919,Yes,03-May-2026
PO-RW-3397,Summit Resort Group,Corporate,28-Apr-2026,22-Jun-2026,RW-4418,MTB,M,Carbon,9,3919,Yes,22-May-2026
PO-RW-3399,Metro Transit Fleet,Tour operator,28-Apr-2026,30-May-2026,RW-9901,MTB,L,Base,14,1839,Yes,15-May-2026
PO-RW-3386,Sunset Ridge Rentals,Municipal,30-Apr-2026,04-Jun-2026,RW-3980,Road,S,Carbon,15,3199,Yes,16-May-2026
PO-RW-3389,Lakeshore Municipal Parks,Corporate,30-Apr-2026,26-May-2026,RW-9835,Road,M,Base,4,1519,Yes,21-May-2026
PO-RW-3392,Elk Meadow Lodge,Tour operator,30-Apr-2026,17-Jun-2026,RW-7298,Road,L,Base,1,1519,Yes,23-May-2026
PO-RW-3396,Capital City Bike Share,Tour operator,30-Apr-2026,15-Jun-2026,RW-9324,MTB,M,Base,29,1839,Yes,07-May-2026
PO-RW-3400,Stonebridge Tours,Resort,30-Apr-2026,24-May-2026,RW-9901,MTB,L,Base,1,1839,Yes,18-May-2026
PO-RW-3387,Pacific Trails Outfitters,Corporate,01-May-2026,10-Jun-2026,RW-9835,Road,M,Base,23,1519,Yes,14-May-2026
PO-RW-3398,Blue Ridge Municipal,University,01-May-2026,28-May-2026,RW-9901,MTB,L,Base,15,1839,Yes,28-May-2026
PO-RW-3390,Riverfront Rentals,Tour operator,02-May-2026,24-May-2026,RW-2984,Road,M,Carbon,6,3199,Yes,31-May-2026
PO-RW-3395,Cascade Tour Company,Rental fleet,02-May-2026,02-Jun-2026,RW-9324,MTB,M,Base,10,1839,Yes,26-May-2026
PO-RW-3388,Rocky Mountain Adventure Tours,Tour operator,03-May-2026,27-Jun-2026,RW-9835,Road,M,Base,7,1519,Yes,21-May-2026
PO-RW-3391,Wildwood Resort,Corporate,03-May-2026,12-Jun-2026,RW-7298,Road,L,Base,16,1519,Yes,22-May-2026
PO-RW-3393,Foothills Municipal,Corporate,03-May-2026,24-Jun-2026,RW-1378,Road,L,Carbon,5,3199,Yes,25-May-2026
PO-RW-3394,Peak Season Tours,Tour operator,03-May-2026,05-Jun-2026,RW-9304,MTB,S,Carbon,13,3919,Yes,12-May-2026
PO-RW-3401,Foothills Municipal,Corporate,03-May-2026,17-Jun-2026,RW-6416,MTB,L,Carbon,6,3919,Yes,10-May-2026
PO-RW-3408,Overland Tours,Municipal,04-May-2026,04-Jun-2026,RW-1378,Road,L,Carbon,3,3199,Yes,29-May-2026
PO-RW-3413,Evergreen Corporate Campus,Municipal,04-May-2026,26-May-2026,RW-9901,MTB,L,Base,27,1839,Yes,27-May-2026
PO-RW-3402,Frontier Tours,Resort,05-May-2026,25-Jun-2026,RW-3980,Road,S,Carbon,5,3199,Yes,19-May-2026
PO-RW-3405,Stonebridge Tours,Resort,05-May-2026,29-Jun-2026,RW-2984,Road,M,Carbon,6,3199,Yes,19-May-2026
PO-RW-3407,Canyon Municipal Parks,Municipal,06-May-2026,04-Jun-2026,RW-7298,Road,L,Base,6,1519,Yes,29-May-2026
PO-RW-3410,Summit Resort Group,Corporate,06-May-2026,28-Jun-2026,RW-9324,MTB,M,Base,31,1839,Yes,26-May-2026
PO-RW-3409,Blue Ridge Municipal,University,07-May-2026,20-Jun-2026,RW-9304,MTB,S,Carbon,13,3919,No,
PO-RW-3404,Northern Lights Adventures,Rental fleet,08-May-2026,12-Jun-2026,RW-9835,Road,M,Base,2,1519,Yes,18-May-2026
PO-RW-3403,Metro Transit Fleet,Tour operator,09-May-2026,27-Jun-2026,RW-9835,Road,M,Base,32,1519,Yes,29-May-2026
PO-RW-3411,Stonebridge Tours,Resort,09-May-2026,07-Jun-2026,RW-9324,MTB,M,Base,9,1839,Yes,05-Jun-2026
PO-RW-3412,Stonebridge Tours,Resort,09-May-2026,03-Jul-2026,RW-4418,MTB,M,Carbon,9,3919,Yes,18-May-2026
PO-RW-3414,Foothills Municipal,Corporate,09-May-2026,20-Jun-2026,RW-6416,MTB,L,Carbon,4,3919,Yes,19-May-2026
PO-RW-3406,Sunbelt Rentals Co,Rental fleet,10-May-2026,03-Jun-2026,RW-7298,Road,L,Base,12,1519,Yes,02-Jun-2026
PO-RW-3419,Evergreen Corporate Campus,Municipal,11-May-2026,15-Jun-2026,RW-2984,Road,M,Carbon,13,3199,Yes,07-Jun-2026
PO-RW-3427,Sunset Ridge Rentals,Municipal,11-May-2026,07-Jul-2026,RW-4418,MTB,M,Carbon,12,3919,Yes,22-May-2026
PO-RW-3416,Metro Transit Fleet,Tour operator,12-May-2026,11-Jun-2026,RW-3980,Road,S,Carbon,4,3199,Yes,03-Jun-2026
PO-RW-3417,Metro Transit Fleet,Tour operator,12-May-2026,09-Jul-2026,RW-9835,Road,M,Base,34,1519,Yes,25-May-2026
PO-RW-3421,Sunset Ridge Rentals,Municipal,12-May-2026,16-Jun-2026,RW-7298,Road,L,Base,17,1519,Yes,09-Jun-2026
PO-RW-3429,Coast to Coast Rentals,Corporate,12-May-2026,30-Jun-2026,RW-6416,MTB,L,Carbon,8,3919,Yes,23-May-2026
PO-RW-3415,Foothills Municipal,Corporate,13-May-2026,14-Jun-2026,RW-3980,Road,S,Carbon,12,3199,Yes,23-May-2026
PO-RW-3420,Valley Corporate Fleet,Resort,13-May-2026,21-Jun-2026,RW-2984,Road,M,Carbon,2,3199,Yes,07-Jun-2026
PO-RW-3423,Copper Canyon Tours,Municipal,13-May-2026,03-Jun-2026,RW-1378,Road,L,Carbon,10,3199,Yes,06-Jun-2026
PO-RW-3424,Mountain View Municipal,University,13-May-2026,14-Jun-2026,RW-9304,MTB,S,Carbon,13,3919,No,
PO-RW-3422,Peak Season Tours,Tour operator,14-May-2026,22-Jun-2026,RW-7298,Road,L,Base,5,1519,Yes,07-Jun-2026
PO-RW-3428,Metro Transit Fleet,Tour operator,14-May-2026,19-Jun-2026,RW-9901,MTB,L,Base,23,1839,Yes,24-May-2026
PO-RW-3418,Summit Resort Group,Corporate,16-May-2026,03-Jul-2026,RW-9835,Road,M,Base,7,1519,Yes,25-May-2026
PO-RW-3425,Sunbelt Rentals Co,Rental fleet,16-May-2026,30-Jun-2026,RW-9324,MTB,M,Base,23,1839,Yes,26-May-2026
PO-RW-3426,Tidewater Tours,Rental fleet,17-May-2026,04-Jul-2026,RW-9324,MTB,M,Base,12,1839,Yes,15-Jun-2026
PO-RW-3430,Wildwood Resort,Corporate,19-May-2026,13-Jun-2026,RW-3980,Road,S,Carbon,14,3199,Yes,15-Jun-2026
PO-RW-3442,Riverfront Rentals,Tour operator,19-May-2026,12-Jul-2026,RW-9901,MTB,L,Base,16,1839,Yes,02-Jun-2026
PO-RW-3434,Timberline Outfitters,Rental fleet,20-May-2026,19-Jun-2026,RW-2984,Road,M,Carbon,8,3199,Yes,09-Jun-2026
PO-RW-3444,Tidewater Tours,Rental fleet,20-May-2026,15-Jun-2026,RW-6416,MTB,L,Carbon,6,3919,No,
PO-RW-3439,Metro Transit Fleet,Tour operator,21-May-2026,14-Jul-2026,RW-9324,MTB,M,Base,25,1839,Yes,10-Jun-2026
PO-RW-3440,Sierra Guided Rides,Resort,21-May-2026,09-Jul-2026,RW-9324,MTB,M,Base,14,1839,Yes,28-May-2026
PO-RW-3432,Tidewater Tours,Rental fleet,22-May-2026,20-Jul-2026,RW-9835,Road,M,Base,6,1519,Yes,07-Jun-2026
PO-RW-3443,Overland Tours,Municipal,22-May-2026,28-Jun-2026,RW-9901,MTB,L,Base,7,1839,Yes,18-Jun-2026
PO-RW-3433,Frontier Tours,Resort,23-May-2026,10-Jul-2026,RW-9835,Road,M,Base,14,1519,Yes,02-Jun-2026
PO-RW-3438,Evergreen Corporate Campus,Municipal,23-May-2026,11-Jul-2026,RW-9304,MTB,S,Carbon,1,3919,No,
PO-RW-3431,Ridgeline University Rec,University,24-May-2026,14-Jun-2026,RW-9835,Road,M,Base,10,1519,Yes,02-Jun-2026
PO-RW-3435,Elk Meadow Lodge,Tour operator,24-May-2026,18-Jul-2026,RW-7298,Road,L,Base,20,1519,Yes,07-Jun-2026
PO-RW-3436,Coast to Coast Rentals,Corporate,24-May-2026,10-Jul-2026,RW-1378,Road,L,Carbon,7,3199,Yes,15-Jun-2026
PO-RW-3437,Evergreen Corporate Campus,Municipal,24-May-2026,17-Jul-2026,RW-9304,MTB,S,Carbon,7,3919,No,
PO-RW-3441,Grand Vista Resort,University,24-May-2026,09-Jul-2026,RW-4418,MTB,M,Carbon,8,3919,No,
PO-RW-3449,Coastal University Athletics,Municipal,25-May-2026,23-Jun-2026,RW-7298,Road,L,Base,14,1519,Yes,19-Jun-2026
PO-RW-3445,Evergreen Corporate Campus,Municipal,26-May-2026,16-Jul-2026,RW-3980,Road,S,Carbon,10,3199,Yes,19-Jun-2026
PO-RW-3455,Wildwood Resort,Corporate,26-May-2026,23-Jul-2026,RW-9901,MTB,L,Base,12,1839,Yes,15-Jun-2026
PO-RW-3456,Frontier Tours,Resort,27-May-2026,28-Jun-2026,RW-9901,MTB,L,Base,9,1839,Yes,22-Jun-2026
PO-RW-3457,Foothills Municipal,Corporate,27-May-2026,23-Jul-2026,RW-9901,MTB,L,Base,7,1839,Yes,05-Jun-2026
PO-RW-3458,Peak Season Tours,Tour operator,27-May-2026,16-Jul-2026,RW-6416,MTB,L,Carbon,2,3919,No,
PO-RW-3450,Copper Canyon Tours,Municipal,28-May-2026,27-Jun-2026,RW-7298,Road,L,Base,1,1519,Yes,19-Jun-2026
PO-RW-3447,Canyon Country Tours,Rental fleet,29-May-2026,13-Jul-2026,RW-2984,Road,M,Carbon,9,3199,Yes,20-Jun-2026
PO-RW-3446,Timberline Outfitters,Rental fleet,30-May-2026,13-Jul-2026,RW-9835,Road,M,Base,27,1519,Yes,11-Jun-2026
PO-RW-3448,Rimrock Outfitters,Rental fleet,30-May-2026,21-Jul-2026,RW-7298,Road,L,Base,9,1519,Yes,17-Jun-2026
PO-RW-3451,Crossroads University,Corporate,30-May-2026,20-Jul-2026,RW-1378,Road,L,Carbon,5,3199,Yes,12-Jun-2026
PO-RW-3453,Stonebridge Tours,Resort,30-May-2026,21-Jun-2026,RW-9324,MTB,M,Base,33,1839,Yes,06-Jun-2026
PO-RW-3454,Island Bike Rentals,Tour operator,30-May-2026,21-Jun-2026,RW-4418,MTB,M,Carbon,5,3919,No,
PO-RW-3452,Cascade Tour Company,Rental fleet,31-May-2026,23-Jul-2026,RW-9304,MTB,S,Carbon,16,3919,No,
PO-RW-3464,Canyon Municipal Parks,Municipal,01-Jun-2026,13-Jul-2026,RW-1378,Road,L,Carbon,8,3199,Yes,24-Jun-2026
PO-RW-3461,Stonebridge Tours,Resort,02-Jun-2026,15-Jul-2026,RW-9835,Road,M,Base,25,1519,Yes,30-Jun-2026
PO-RW-3468,Foothills Municipal,Corporate,02-Jun-2026,29-Jul-2026,RW-4418,MTB,M,Carbon,4,3919,No,
PO-RW-3470,Granite State University,University,02-Jun-2026,22-Jul-2026,RW-6416,MTB,L,Carbon,8,3919,No,
PO-RW-3463,Cascade Tour Company,Rental fleet,03-Jun-2026,08-Jul-2026,RW-7298,Road,L,Base,20,1519,Yes,11-Jun-2026
PO-RW-3467,Elk Meadow Lodge,Tour operator,04-Jun-2026,29-Jun-2026,RW-9324,MTB,M,Base,5,1839,Yes,12-Jun-2026
PO-RW-3459,Cascade Tour Company,Rental fleet,05-Jun-2026,27-Jul-2026,RW-3980,Road,S,Carbon,4,3199,Yes,21-Jun-2026
PO-RW-3469,Coastal University Athletics,Municipal,05-Jun-2026,04-Jul-2026,RW-9901,MTB,L,Base,22,1839,Yes,25-Jun-2026
PO-RW-3465,Elk Meadow Lodge,Tour operator,06-Jun-2026,12-Jul-2026,RW-9304,MTB,S,Carbon,8,3919,No,
PO-RW-3460,Granite State University,University,07-Jun-2026,01-Aug-2026,RW-9835,Road,M,Base,7,1519,Yes,24-Jun-2026
PO-RW-3462,Pinnacle Corporate,University,07-Jun-2026,30-Jul-2026,RW-2984,Road,M,Carbon,10,3199,Yes,19-Jun-2026
PO-RW-3466,Stonebridge Tours,Resort,07-Jun-2026,13-Jul-2026,RW-9324,MTB,M,Base,28,1839,Yes,06-Jul-2026
PO-RW-3472,Alpine Lodge Collection,Corporate,08-Jun-2026,25-Jul-2026,RW-9835,Road,M,Base,25,1519,Yes,01-Jul-2026
PO-RW-3475,Blue Ridge Municipal,University,08-Jun-2026,05-Jul-2026,RW-7298,Road,L,Base,3,1519,Yes,17-Jun-2026
PO-RW-3478,Metro Transit Fleet,Tour operator,08-Jun-2026,12-Jul-2026,RW-9304,MTB,S,Carbon,2,3919,No,
PO-RW-3483,Alpine Lodge Collection,Corporate,08-Jun-2026,29-Jun-2026,RW-9901,MTB,L,Base,1,1839,Yes,06-Jul-2026
PO-RW-3474,Canyon Municipal Parks,Municipal,10-Jun-2026,06-Aug-2026,RW-7298,Road,L,Base,10,1519,Yes,24-Jun-2026
PO-RW-3481,Summit Resort Group,Corporate,11-Jun-2026,26-Jul-2026,RW-9901,MTB,L,Base,15,1839,Yes,20-Jun-2026
PO-RW-3482,Foothills Municipal,Corporate,11-Jun-2026,01-Aug-2026,RW-9901,MTB,L,Base,7,1839,Yes,22-Jun-2026
PO-RW-3484,Northern Lights Adventures,Rental fleet,11-Jun-2026,09-Aug-2026,RW-6416,MTB,L,Carbon,4,3919,No,
PO-RW-3473,Tidewater Tours,Rental fleet,12-Jun-2026,13-Jul-2026,RW-2984,Road,M,Carbon,6,3199,Yes,05-Jul-2026
PO-RW-3476,Bayfront Hotels,Resort,12-Jun-2026,06-Jul-2026,RW-1378,Road,L,Carbon,1,3199,Yes,20-Jun-2026
PO-RW-3477,Blue Ridge Municipal,University,12-Jun-2026,01-Aug-2026,RW-9304,MTB,S,Carbon,6,3919,No,
PO-RW-3480,Northern Lights Adventures,Rental fleet,12-Jun-2026,29-Jul-2026,RW-4418,MTB,M,Carbon,6,3919,No,
PO-RW-3471,Pacific Trails Outfitters,Corporate,14-Jun-2026,27-Jul-2026,RW-3980,Road,S,Carbon,7,3199,Yes,22-Jun-2026
PO-RW-3479,Capital City Bike Share,Tour operator,14-Jun-2026,08-Jul-2026,RW-9324,MTB,M,Base,26,1839,Yes,22-Jun-2026
PO-RW-3487,Lakeshore Municipal Parks,Corporate,15-Jun-2026,31-Jul-2026,RW-2984,Road,M,Carbon,10,3199,Yes,12-Jul-2026
PO-RW-3485,Wildwood Resort,Corporate,17-Jun-2026,08-Aug-2026,RW-3980,Road,S,Carbon,9,3199,Yes,09-Jul-2026
PO-RW-3486,Lakeside Resort & Spa,Resort,17-Jun-2026,10-Aug-2026,RW-9835,Road,M,Base,26,1519,Yes,30-Jun-2026
PO-RW-3495,Metro Transit Fleet,Tour operator,17-Jun-2026,17-Jul-2026,RW-9901,MTB,L,Base,2,1839,Yes,30-Jun-2026
PO-RW-3496,Metro Transit Fleet,Tour operator,17-Jun-2026,14-Jul-2026,RW-6416,MTB,L,Carbon,4,3919,No,
PO-RW-3488,Basin Adventure Co,Resort,18-Jun-2026,18-Jul-2026,RW-7298,Road,L,Base,10,1519,Yes,12-Jul-2026
PO-RW-3489,Bayfront Hotels,Resort,18-Jun-2026,16-Aug-2026,RW-1378,Road,L,Carbon,5,3199,Yes,30-Jun-2026
PO-RW-3492,Coastal University Athletics,Municipal,18-Jun-2026,28-Jul-2026,RW-9324,MTB,M,Base,2,1839,Yes,25-Jun-2026
PO-RW-3490,Peak Season Tours,Tour operator,19-Jun-2026,22-Jul-2026,RW-9304,MTB,S,Carbon,10,3919,No,
PO-RW-3491,Overland Tours,Municipal,20-Jun-2026,09-Aug-2026,RW-9324,MTB,M,Base,37,1839,Yes,27-Jun-2026
PO-RW-3493,Cascade Tour Company,Rental fleet,20-Jun-2026,29-Jul-2026,RW-4418,MTB,M,Carbon,10,3919,No,
PO-RW-3494,Rimrock Outfitters,Rental fleet,20-Jun-2026,22-Jul-2026,RW-9901,MTB,L,Base,9,1839,Yes,17-Jul-2026
PO-RW-3500,Riverfront Rentals,Tour operator,23-Jun-2026,21-Aug-2026,RW-2984,Road,M,Carbon,2,3199,Yes,15-Jul-2026
PO-RW-3509,Metro Parks Department,Municipal,23-Jun-2026,15-Jul-2026,RW-6416,MTB,L,Carbon,4,3919,No,
PO-RW-3497,Copper Canyon Tours,Municipal,24-Jun-2026,03-Aug-2026,RW-3980,Road,S,Carbon,6,3199,No,
PO-RW-3498,Trailblazer Tour Co,Resort,24-Jun-2026,12-Aug-2026,RW-9835,Road,M,Base,24,1519,Yes,11-Jul-2026
PO-RW-3504,Valley Corporate Fleet,Resort,24-Jun-2026,13-Aug-2026,RW-9324,MTB,M,Base,18,1839,Yes,10-Jul-2026
PO-RW-3507,Grand Vista Resort,University,24-Jun-2026,26-Jul-2026,RW-9901,MTB,L,Base,6,1839,No,
PO-RW-3502,Prairie Tours,University,25-Jun-2026,20-Aug-2026,RW-1378,Road,L,Carbon,2,3199,Yes,18-Jul-2026
PO-RW-3506,Rocky Mountain Adventure Tours,Tour operator,26-Jun-2026,22-Aug-2026,RW-4418,MTB,M,Carbon,6,3919,No,
PO-RW-3499,Tidewater Tours,Rental fleet,27-Jun-2026,16-Aug-2026,RW-2984,Road,M,Carbon,14,3199,Yes,08-Jul-2026
PO-RW-3501,Northwest Corporate Wellness,Municipal,27-Jun-2026,28-Jul-2026,RW-7298,Road,L,Base,17,1519,Yes,14-Jul-2026
PO-RW-3503,Sunset Ridge Rentals,Municipal,27-Jun-2026,18-Jul-2026,RW-9304,MTB,S,Carbon,6,3919,No,
PO-RW-3505,Foothills Municipal,Corporate,27-Jun-2026,11-Aug-2026,RW-9324,MTB,M,Base,5,1839,Yes,11-Jul-2026
PO-RW-3508,Canyon Municipal Parks,Municipal,28-Jun-2026,28-Jul-2026,RW-9901,MTB,L,Base,14,1839,No,
PO-RW-3516,Ridgeline University Rec,University,29-Jun-2026,20-Jul-2026,RW-9304,MTB,S,Carbon,5,3919,No,
PO-RW-3520,Evergreen Corporate Campus,Municipal,29-Jun-2026,02-Aug-2026,RW-9901,MTB,L,Base,21,1839,No,
PO-RW-3518,Wildwood Resort,Corporate,30-Jun-2026,16-Aug-2026,RW-9324,MTB,M,Base,7,1839,Yes,25-Jul-2026
PO-RW-3521,Pacific Trails Outfitters,Corporate,30-Jun-2026,17-Aug-2026,RW-6416,MTB,L,Carbon,2,3919,No,
PO-RW-3515,Stonebridge Tours,Resort,01-Jul-2026,14-Aug-2026,RW-1378,Road,L,Carbon,6,3199,Yes,11-Jul-2026
PO-RW-3512,Foothills Municipal,Corporate,02-Jul-2026,13-Aug-2026,RW-9835,Road,M,Base,11,1519,Yes,21-Jul-2026
PO-RW-3513,Overland Tours,Municipal,02-Jul-2026,27-Jul-2026,RW-2984,Road,M,Carbon,8,3199,Yes,17-Jul-2026
PO-RW-3517,Wildwood Resort,Corporate,02-Jul-2026,26-Jul-2026,RW-9324,MTB,M,Base,23,1839,Yes,30-Jul-2026
PO-RW-3514,Cascade Tour Company,Rental fleet,03-Jul-2026,25-Jul-2026,RW-7298,Road,L,Base,16,1519,Yes,15-Jul-2026
PO-RW-3511,Riverfront Rentals,Tour operator,04-Jul-2026,28-Jul-2026,RW-9835,Road,M,Base,12,1519,Yes,20-Jul-2026
PO-RW-3519,Timberline Outfitters,Rental fleet,04-Jul-2026,15-Aug-2026,RW-4418,MTB,M,Carbon,10,3919,No,
PO-RW-3510,Copper Canyon Tours,Municipal,05-Jul-2026,02-Aug-2026,RW-3980,Road,S,Carbon,2,3199,No,
PO-RW-3529,Peak Season Tours,Tour operator,06-Jul-2026,14-Aug-2026,RW-9304,MTB,S,Carbon,12,3919,No,
PO-RW-3533,Pinnacle Corporate,University,06-Jul-2026,07-Aug-2026,RW-6416,MTB,L,Carbon,9,3919,No,
PO-RW-3527,Stonebridge Tours,Resort,07-Jul-2026,30-Jul-2026,RW-7298,Road,L,Base,19,1519,Yes,19-Jul-2026
PO-RW-3524,Metro Transit Fleet,Tour operator,08-Jul-2026,09-Aug-2026,RW-9835,Road,M,Base,15,1519,Yes,31-Jul-2026
PO-RW-3526,Capital City Bike Share,Tour operator,08-Jul-2026,01-Sep-2026,RW-2984,Road,M,Carbon,12,3199,Yes,05-Aug-2026
PO-RW-3530,Pinnacle Corporate,University,08-Jul-2026,19-Aug-2026,RW-9324,MTB,M,Base,23,1839,Yes,30-Jul-2026
PO-RW-3522,Lakeside Resort & Spa,Resort,10-Jul-2026,23-Aug-2026,RW-3980,Road,S,Carbon,6,3199,No,
PO-RW-3523,Skyline Corporate,Tour operator,10-Jul-2026,06-Aug-2026,RW-9835,Road,M,Base,7,1519,Yes,06-Aug-2026
PO-RW-3532,Sunset Ridge Rentals,Municipal,10-Jul-2026,16-Aug-2026,RW-9901,MTB,L,Base,19,1839,No,
PO-RW-3528,Rocky Mountain Adventure Tours,Tour operator,11-Jul-2026,16-Aug-2026,RW-1378,Road,L,Carbon,9,3199,Yes,25-Jul-2026
PO-RW-3531,Timberline Outfitters,Rental fleet,11-Jul-2026,12-Aug-2026,RW-4418,MTB,M,Carbon,6,3919,No,
PO-RW-3525,High Country Tours,Tour operator,12-Jul-2026,14-Aug-2026,RW-9835,Road,M,Base,5,1519,Yes,03-Aug-2026
PO-RW-3545,Metro Transit Fleet,Tour operator,13-Jul-2026,07-Sep-2026,RW-6416,MTB,L,Carbon,8,3919,No,
PO-RW-3535,Foothills Municipal,Corporate,14-Jul-2026,08-Aug-2026,RW-9835,Road,M,Base,16,1519,Yes,10-Aug-2026
PO-RW-3534,Peak Season Tours,Tour operator,16-Jul-2026,09-Sep-2026,RW-3980,Road,S,Carbon,6,3199,No,
PO-RW-3536,Timberline Outfitters,Rental fleet,16-Jul-2026,04-Sep-2026,RW-9835,Road,M,Base,26,1519,Yes,10-Aug-2026
PO-RW-3538,Lakeshore Municipal Parks,Corporate,16-Jul-2026,22-Aug-2026,RW-7298,Road,L,Base,21,1519,Yes,29-Jul-2026
PO-RW-3540,Alpine Lodge Collection,Corporate,17-Jul-2026,19-Aug-2026,RW-9304,MTB,S,Carbon,9,3919,No,
PO-RW-3543,Stonebridge Tours,Resort,17-Jul-2026,04-Sep-2026,RW-4418,MTB,M,Carbon,9,3919,No,
PO-RW-3537,Desert Sun Rentals,Resort,18-Jul-2026,10-Sep-2026,RW-2984,Road,M,Carbon,4,3199,Yes,31-Jul-2026
PO-RW-3541,Crossroads University,Corporate,18-Jul-2026,13-Sep-2026,RW-9324,MTB,M,Base,19,1839,Yes,15-Aug-2026
PO-RW-3539,Blue Ridge Municipal,University,19-Jul-2026,16-Sep-2026,RW-1378,Road,L,Carbon,8,3199,Yes,09-Aug-2026
PO-RW-3542,Sunbelt Rentals Co,Rental fleet,19-Jul-2026,03-Sep-2026,RW-4418,MTB,M,Carbon,10,3919,No,
PO-RW-3544,Tidewater Tours,Rental fleet,19-Jul-2026,19-Aug-2026,RW-9901,MTB,L,Base,26,1839,No,
PO-RW-3555,Meadowbrook Resort,Corporate,20-Jul-2026,31-Aug-2026,RW-9324,MTB,M,Base,19,1839,Yes,05-Aug-2026
PO-RW-3558,Rocky Mountain Adventure Tours,Tour operator,20-Jul-2026,30-Aug-2026,RW-9901,MTB,L,Base,10,1839,No,
PO-RW-3547,Redstone Resort,Municipal,21-Jul-2026,26-Aug-2026,RW-9835,Road,M,Base,12,1519,Yes,15-Aug-2026
PO-RW-3550,Copper Canyon Tours,Municipal,21-Jul-2026,16-Sep-2026,RW-2984,Road,M,Carbon,13,3199,Yes,14-Aug-2026
PO-RW-3556,Blue Ridge Municipal,University,21-Jul-2026,23-Aug-2026,RW-9324,MTB,M,Base,3,1839,Yes,19-Aug-2026
PO-RW-3548,Metro Transit Fleet,Tour operator,22-Jul-2026,19-Aug-2026,RW-9835,Road,M,Base,17,1519,Yes,02-Aug-2026
PO-RW-3551,Peak Season Tours,Tour operator,22-Jul-2026,01-Sep-2026,RW-7298,Road,L,Base,15,1519,Yes,18-Aug-2026
PO-RW-3560,Riverfront Rentals,Tour operator,23-Jul-2026,13-Aug-2026,RW-6416,MTB,L,Carbon,4,3919,No,
PO-RW-3552,Harbor City Rentals,Tour operator,24-Jul-2026,08-Sep-2026,RW-7298,Road,L,Base,6,1519,Yes,02-Aug-2026
PO-RW-3554,Desert Sun Rentals,Resort,24-Jul-2026,12-Sep-2026,RW-9304,MTB,S,Carbon,7,3919,No,
PO-RW-3557,Riverfront Rentals,Tour operator,24-Jul-2026,24-Aug-2026,RW-4418,MTB,M,Carbon,12,3919,No,
PO-RW-3559,Peak Season Tours,Tour operator,24-Jul-2026,20-Aug-2026,RW-9901,MTB,L,Base,7,1839,No,
PO-RW-3553,Aspen Ridge Resort,Municipal,25-Jul-2026,18-Sep-2026,RW-1378,Road,L,Carbon,9,3199,Yes,12-Aug-2026
PO-RW-3546,Frontier Tours,Resort,26-Jul-2026,14-Sep-2026,RW-3980,Road,S,Carbon,13,3199,No,
PO-RW-3549,Metro Transit Fleet,Tour operator,26-Jul-2026,17-Sep-2026,RW-9835,Road,M,Base,5,1519,Yes,03-Aug-2026
PO-RW-3561,Wildwood Resort,Corporate,27-Jul-2026,17-Sep-2026,RW-3980,Road,S,Carbon,9,3199,No,
PO-RW-3567,Crossroads University,Corporate,27-Jul-2026,10-Sep-2026,RW-1378,Road,L,Carbon,7,3199,Yes,10-Aug-2026
PO-RW-3569,Desert Sun Rentals,Resort,27-Jul-2026,03-Sep-2026,RW-9324,MTB,M,Base,16,1839,Yes,11-Aug-2026
PO-RW-3571,Frontier Tours,Resort,27-Jul-2026,21-Sep-2026,RW-9901,MTB,L,Base,23,1839,No,
PO-RW-3572,Frontier Tours,Resort,27-Jul-2026,07-Sep-2026,RW-9901,MTB,L,Base,1,1839,No,
PO-RW-3564,Sunbelt Rentals Co,Rental fleet,28-Jul-2026,28-Aug-2026,RW-2984,Road,M,Carbon,10,3199,Yes,18-Aug-2026
PO-RW-3566,Lakeshore Municipal Parks,Corporate,28-Jul-2026,31-Aug-2026,RW-7298,Road,L,Base,12,1519,Yes,17-Aug-2026
PO-RW-3562,Blue Ridge Municipal,University,29-Jul-2026,11-Sep-2026,RW-9835,Road,M,Base,12,1519,Yes,23-Aug-2026
PO-RW-3573,Cascade Tour Company,Rental fleet,29-Jul-2026,20-Sep-2026,RW-6416,MTB,L,Carbon,9,3919,No,
PO-RW-3563,Wildwood Resort,Corporate,31-Jul-2026,15-Sep-2026,RW-9835,Road,M,Base,14,1519,Yes,08-Aug-2026
PO-RW-3570,Peak Season Tours,Tour operator,31-Jul-2026,23-Sep-2026,RW-4418,MTB,M,Carbon,10,3919,No,
PO-RW-3565,Evergreen Corporate Campus,Municipal,01-Aug-2026,18-Sep-2026,RW-7298,Road,L,Base,8,1519,Yes,10-Aug-2026
PO-RW-3568,Riverfront Rentals,Tour operator,01-Aug-2026,09-Sep-2026,RW-9304,MTB,S,Carbon,8,3919,No,
PO-RW-3581,Canyon Country Tours,Rental fleet,03-Aug-2026,01-Sep-2026,RW-4418,MTB,M,Carbon,14,3919,No,
PO-RW-3578,Northwest Corporate Wellness,Municipal,04-Aug-2026,31-Aug-2026,RW-1378,Road,L,Carbon,6,3199,Yes,22-Aug-2026
PO-RW-3574,Bayfront Hotels,Resort,07-Aug-2026,27-Sep-2026,RW-3980,Road,S,Carbon,10,3199,No,
PO-RW-3583,Stonebridge Tours,Resort,07-Aug-2026,18-Sep-2026,RW-9901,MTB,L,Base,18,1839,No,
PO-RW-3584,Frontier Tours,Resort,07-Aug-2026,30-Aug-2026,RW-9901,MTB,L,Base,3,1839,No,
PO-RW-3575,Stonebridge Tours,Resort,08-Aug-2026,28-Sep-2026,RW-9835,Road,M,Base,25,1519,Yes,01-Sep-2026
PO-RW-3579,Northern Lights Adventures,Rental fleet,08-Aug-2026,13-Sep-2026,RW-9304,MTB,S,Carbon,6,3919,No,
PO-RW-3580,Elk Meadow Lodge,Tour operator,08-Aug-2026,13-Sep-2026,RW-9324,MTB,M,Base,13,1839,Yes,16-Aug-2026
PO-RW-3582,Capital City Bike Share,Tour operator,08-Aug-2026,12-Sep-2026,RW-4418,MTB,M,Carbon,4,3919,No,
PO-RW-3576,Lakeside Resort & Spa,Resort,09-Aug-2026,26-Sep-2026,RW-2984,Road,M,Carbon,3,3199,Yes,20-Aug-2026
PO-RW-3577,Metro Transit Fleet,Tour operator,09-Aug-2026,02-Oct-2026,RW-7298,Road,L,Base,18,1519,Yes,16-Aug-2026
PO-RW-3585,Sunset Ridge Rentals,Municipal,09-Aug-2026,17-Sep-2026,RW-6416,MTB,L,Carbon,3,3919,No,
PO-RW-3587,Pinnacle Corporate,University,10-Aug-2026,14-Sep-2026,RW-9835,Road,M,Base,6,1519,Yes,19-Aug-2026
PO-RW-3586,Elk Meadow Lodge,Tour operator,11-Aug-2026,11-Sep-2026,RW-3980,Road,S,Carbon,7,3199,No,
PO-RW-3594,Horizon Rentals,University,12-Aug-2026,26-Sep-2026,RW-4418,MTB,M,Carbon,8,3919,No,
PO-RW-3590,Pinnacle Corporate,University,13-Aug-2026,02-Oct-2026,RW-7298,Road,L,Base,9,1519,No,
PO-RW-3589,Pinnacle Corporate,University,14-Aug-2026,23-Sep-2026,RW-2984,Road,M,Carbon,10,3199,No,
PO-RW-3591,Rimrock Outfitters,Rental fleet,14-Aug-2026,03-Oct-2026,RW-1378,Road,L,Carbon,3,3199,No,
PO-RW-3592,Pinnacle Corporate,University,14-Aug-2026,11-Oct-2026,RW-9304,MTB,S,Carbon,10,3919,No,
PO-RW-3596,Redstone Resort,Municipal,14-Aug-2026,09-Sep-2026,RW-6416,MTB,L,Carbon,7,3919,No,
PO-RW-3588,Bayfront Hotels,Resort,15-Aug-2026,29-Sep-2026,RW-9835,Road,M,Base,17,1519,No,
PO-RW-3593,Crossroads University,Corporate,16-Aug-2026,29-Sep-2026,RW-9324,MTB,M,Base,14,1839,Yes,28-Aug-2026
PO-RW-3595,Blue Ridge Municipal,University,16-Aug-2026,13-Sep-2026,RW-9901,MTB,L,Base,21,1839,No,
PO-RW-3599,Riverfront Rentals,Tour operator,17-Aug-2026,10-Oct-2026,RW-9835,Road,M,Base,12,1519,No,
PO-RW-3602,Cedar Point Rentals,Resort,17-Aug-2026,28-Sep-2026,RW-1378,Road,L,Carbon,3,3199,No,
PO-RW-3601,Granite State University,University,18-Aug-2026,14-Oct-2026,RW-7298,Road,L,Base,8,1519,No,
PO-RW-3604,Sunset Ridge Rentals,Municipal,18-Aug-2026,09-Oct-2026,RW-9324,MTB,M,Base,8,1839,Yes,28-Aug-2026
PO-RW-3605,Pinnacle Corporate,University,19-Aug-2026,19-Sep-2026,RW-4418,MTB,M,Carbon,7,3919,No,
PO-RW-3597,Metro Transit Fleet,Tour operator,20-Aug-2026,18-Oct-2026,RW-3980,Road,S,Carbon,7,3199,No,
PO-RW-3598,Canyon Country Tours,Rental fleet,20-Aug-2026,22-Sep-2026,RW-9835,Road,M,Base,13,1519,No,
PO-RW-3608,High Country Tours,Tour operator,20-Aug-2026,10-Sep-2026,RW-6416,MTB,L,Carbon,5,3919,No,
PO-RW-3600,Prairie Tours,University,21-Aug-2026,09-Oct-2026,RW-2984,Road,M,Carbon,10,3199,No,
PO-RW-3607,Sierra Guided Rides,Resort,22-Aug-2026,01-Oct-2026,RW-9901,MTB,L,Base,11,1839,No,
PO-RW-3603,Basin Adventure Co,Resort,23-Aug-2026,25-Sep-2026,RW-9304,MTB,S,Carbon,13,3919,No,
PO-RW-3606,Riverfront Rentals,Tour operator,23-Aug-2026,26-Sep-2026,RW-9901,MTB,L,Base,6,1839,No,
PO-RW-3617,Sunset Ridge Rentals,Municipal,24-Aug-2026,21-Sep-2026,RW-6416,MTB,L,Carbon,5,3919,No,
PO-RW-3612,Coast to Coast Rentals,Corporate,25-Aug-2026,12-Oct-2026,RW-7298,Road,L,Base,21,1519,No,
PO-RW-3614,Rimrock Outfitters,Rental fleet,25-Aug-2026,26-Sep-2026,RW-9324,MTB,M,Base,7,1839,Yes,08-Sep-2026
PO-RW-3609,Blue Water Resorts,University,26-Aug-2026,21-Oct-2026,RW-3980,Road,S,Carbon,10,3199,No,
PO-RW-3611,Sunset Ridge Rentals,Municipal,26-Aug-2026,24-Oct-2026,RW-2984,Road,M,Carbon,10,3199,No,
PO-RW-3613,Overland Tours,Municipal,26-Aug-2026,14-Oct-2026,RW-9304,MTB,S,Carbon,12,3919,No,
PO-RW-3610,Lakeshore Municipal Parks,Corporate,27-Aug-2026,17-Oct-2026,RW-9835,Road,M,Base,24,1519,No,
PO-RW-3615,Sunbelt Rentals Co,Rental fleet,27-Aug-2026,24-Oct-2026,RW-4418,MTB,M,Carbon,10,3919,No,
PO-RW-3616,Basin Adventure Co,Resort,30-Aug-2026,27-Sep-2026,RW-9901,MTB,L,Base,22,1839,No,
PO-RW-3621,Foothills Municipal,Corporate,31-Aug-2026,22-Oct-2026,RW-7298,Road,L,Base,14,1519,No,
PO-RW-3620,Prairie Tours,University,01-Sep-2026,11-Oct-2026,RW-2984,Road,M,Carbon,10,3199,No,
PO-RW-3622,Coast to Coast Rentals,Corporate,02-Sep-2026,13-Oct-2026,RW-7298,Road,L,Base,1,1519,No,
PO-RW-3626,Timberline Outfitters,Rental fleet,02-Sep-2026,03-Oct-2026,RW-4418,MTB,M,Carbon,6,3919,No,
PO-RW-3630,Harbor City Rentals,Tour operator,02-Sep-2026,20-Oct-2026,RW-6416,MTB,L,Carbon,4,3919,No,
PO-RW-3628,Northern Lights Adventures,Rental fleet,03-Sep-2026,07-Oct-2026,RW-9901,MTB,L,Base,7,1839,No,
PO-RW-3629,Blue Ridge Municipal,University,03-Sep-2026,29-Sep-2026,RW-9901,MTB,L,Base,6,1839,No,
PO-RW-3624,Stonebridge Tours,Resort,04-Sep-2026,06-Oct-2026,RW-9304,MTB,S,Carbon,17,3919,No,
PO-RW-3618,Elk Meadow Lodge,Tour operator,05-Sep-2026,03-Nov-2026,RW-3980,Road,S,Carbon,11,3199,No,
PO-RW-3619,Riverfront Rentals,Tour operator,05-Sep-2026,10-Oct-2026,RW-9835,Road,M,Base,17,1519,No,
PO-RW-3627,Metro Transit Fleet,Tour operator,05-Sep-2026,07-Oct-2026,RW-9901,MTB,L,Base,8,1839,No,
PO-RW-3623,Frontier Tours,Resort,06-Sep-2026,13-Oct-2026,RW-1378,Road,L,Carbon,9,3199,No,
PO-RW-3625,Coast to Coast Rentals,Corporate,06-Sep-2026,14-Oct-2026,RW-9324,MTB,M,Base,14,1839,Yes,23-Sep-2026
