Dealer #,Dealer,State,Item,On Hand,Count Date
D-101,Summit Cycles,CA,RW-1378,4,09/06/2026
D-101,Summit Cycles,CA,RW-2984,7,09/06/2026
D-101,Summit Cycles,CA,RW-3980,2,09/04/2026
D-101,Summit Cycles,CA,RW-6416,4,09/02/2026
D-101,Summit Cycles,CA,RW-7298,2,09/03/2026
D-101,Summit Cycles,CA,RW-9304,1,09/07/2026
D-101,Summit Cycles,CA,RW-9324,3,09/06/2026
D-101,Summit Cycles,CA,RW-9835,5,09/07/2026
D-101,Summit Cycles,CA,RW-9901,6,09/03/2026
D-102,Ridgeback Bikes,CO,RW-1378,4,09/07/2026
D-102,Ridgeback Bikes,CO,RW-2984,4,09/03/2026
D-102,Ridgeback Bikes,CO,RW-3980,1,09/05/2026
D-102,Ridgeback Bikes,CO,RW-4418,9,09/02/2026
D-102,Ridgeback Bikes,CO,RW-6416,1,09/04/2026
D-102,Ridgeback Bikes,CO,RW-7298,6,09/07/2026
D-102,Ridgeback Bikes,CO,RW-9304,1,09/03/2026
D-102,Ridgeback Bikes,CO,RW-9324,11,09/03/2026
D-102,Ridgeback Bikes,CO,RW-9835,2,09/04/2026
D-102,Ridgeback Bikes,CO,RW-9901,4,09/06/2026
D-103,Cascade Cyclery,OR,RW-1378,4,09/05/2026
D-103,Cascade Cyclery,OR,RW-2984,3,09/05/2026
D-103,Cascade Cyclery,OR,RW-3980,2,09/02/2026
D-103,Cascade Cyclery,OR,RW-6416,3,09/07/2026
D-103,Cascade Cyclery,OR,RW-7298,4,09/05/2026
D-103,Cascade Cyclery,OR,RW-9304,1,09/03/2026
D-103,Cascade Cyclery,OR,RW-9324,16,09/03/2026
D-103,Cascade Cyclery,OR,RW-9835,3,09/02/2026
D-104,Peak Performance Bikes,WA,RW-1378,2,09/03/2026
D-104,Peak Performance Bikes,WA,RW-2984,1,09/06/2026
D-104,Peak Performance Bikes,WA,RW-6416,5,09/05/2026
D-104,Peak Performance Bikes,WA,RW-9324,4,09/07/2026
D-104,Peak Performance Bikes,WA,RW-9901,3,09/07/2026
D-105,Trailhead Bicycle Co,UT,RW-1378,6,09/07/2026
D-105,Trailhead Bicycle Co,UT,RW-2984,5,09/03/2026
D-105,Trailhead Bicycle Co,UT,RW-3980,1,09/05/2026
D-105,Trailhead Bicycle Co,UT,RW-4418,1,09/05/2026
D-105,Trailhead Bicycle Co,UT,RW-6416,3,09/03/2026
D-105,Trailhead Bicycle Co,UT,RW-9304,1,09/07/2026
D-105,Trailhead Bicycle Co,UT,RW-9324,10,09/02/2026
D-105,Trailhead Bicycle Co,UT,RW-9835,2,09/04/2026
D-105,Trailhead Bicycle Co,UT,RW-9901,5,09/03/2026
D-106,Velo Republic,AZ,RW-1378,4,09/07/2026
D-106,Velo Republic,AZ,RW-2984,3,09/07/2026
D-106,Velo Republic,AZ,RW-4418,4,09/04/2026
D-106,Velo Republic,AZ,RW-9835,1,09/05/2026
D-106,Velo Republic,AZ,RW-9901,2,09/03/2026
D-107,Iron Horse Cycles,TX,RW-1378,1,09/07/2026
D-107,Iron Horse Cycles,TX,RW-2984,10,09/04/2026
D-107,Iron Horse Cycles,TX,RW-3980,4,09/05/2026
D-107,Iron Horse Cycles,TX,RW-4418,6,09/04/2026
D-107,Iron Horse Cycles,TX,RW-6416,3,09/05/2026
D-107,Iron Horse Cycles,TX,RW-7298,3,09/05/2026
D-107,Iron Horse Cycles,TX,RW-9324,15,09/02/2026
D-107,Iron Horse Cycles,TX,RW-9835,4,09/05/2026
D-107,Iron Horse Cycles,TX,RW-9901,2,09/04/2026
D-108,Canyon Edge Bikes,NC,RW-1378,3,09/07/2026
D-108,Canyon Edge Bikes,NC,RW-2984,1,09/03/2026
D-108,Canyon Edge Bikes,NC,RW-4418,4,09/04/2026
D-108,Canyon Edge Bikes,NC,RW-6416,1,09/04/2026
D-108,Canyon Edge Bikes,NC,RW-7298,3,09/07/2026
D-108,Canyon Edge Bikes,NC,RW-9324,10,09/06/2026
D-108,Canyon Edge Bikes,NC,RW-9901,1,09/02/2026
D-109,Northstar Cycle Works,VT,RW-6416,8,09/05/2026
D-109,Northstar Cycle Works,VT,RW-7298,2,09/02/2026
D-109,Northstar Cycle Works,VT,RW-9324,5,09/02/2026
D-109,Northstar Cycle Works,VT,RW-9835,2,09/03/2026
D-110,Bluegrass Bicycles,NY,RW-1378,4,09/04/2026
D-110,Bluegrass Bicycles,NY,RW-2984,9,09/06/2026
D-110,Bluegrass Bicycles,NY,RW-3980,5,09/07/2026
D-110,Bluegrass Bicycles,NY,RW-4418,2,09/03/2026
D-110,Bluegrass Bicycles,NY,RW-7298,6,09/02/2026
D-110,Bluegrass Bicycles,NY,RW-9304,4,09/07/2026
D-110,Bluegrass Bicycles,NY,RW-9324,4,09/03/2026
D-110,Bluegrass Bicycles,NY,RW-9835,4,09/04/2026
D-110,Bluegrass Bicycles,NY,RW-9901,8,09/03/2026
D-111,High Desert Cyclery,MA,RW-1378,4,09/07/2026
D-111,High Desert Cyclery,MA,RW-2984,2,09/03/2026
D-111,High Desert Cyclery,MA,RW-4418,7,09/04/2026
D-111,High Desert Cyclery,MA,RW-6416,2,09/04/2026
D-111,High Desert Cyclery,MA,RW-9304,1,09/02/2026
D-111,High Desert Cyclery,MA,RW-9324,13,09/07/2026
D-111,High Desert Cyclery,MA,RW-9835,1,09/05/2026
D-112,Riverbend Bike Shop,PA,RW-1378,1,09/06/2026
D-112,Riverbend Bike Shop,PA,RW-2984,2,09/05/2026
D-112,Riverbend Bike Shop,PA,RW-3980,1,09/07/2026
D-112,Riverbend Bike Shop,PA,RW-4418,3,09/04/2026
D-112,Riverbend Bike Shop,PA,RW-7298,4,09/05/2026
D-112,Riverbend Bike Shop,PA,RW-9324,5,09/04/2026
D-112,Riverbend Bike Shop,PA,RW-9901,2,09/05/2026
D-113,Granite Peak Cycles,IL,RW-1378,3,09/02/2026
D-113,Granite Peak Cycles,IL,RW-2984,2,09/06/2026
D-113,Granite Peak Cycles,IL,RW-4418,2,09/02/2026
D-113,Granite Peak Cycles,IL,RW-9324,3,09/04/2026
D-114,Coastal Ride Co,MI,RW-1378,7,09/05/2026
D-114,Coastal Ride Co,MI,RW-2984,4,09/02/2026
D-114,Coastal Ride Co,MI,RW-3980,1,09/03/2026
D-114,Coastal Ride Co,MI,RW-4418,4,09/06/2026
D-114,Coastal Ride Co,MI,RW-7298,6,09/03/2026
D-114,Coastal Ride Co,MI,RW-9304,2,09/06/2026
D-114,Coastal Ride Co,MI,RW-9324,6,09/02/2026
D-114,Coastal Ride Co,MI,RW-9835,4,09/07/2026
D-115,Alpine Wheels,MN,RW-1378,7,09/07/2026
D-115,Alpine Wheels,MN,RW-2984,5,09/02/2026
D-115,Alpine Wheels,MN,RW-3980,2,09/07/2026
D-115,Alpine Wheels,MN,RW-4418,6,09/03/2026
D-115,Alpine Wheels,MN,RW-6416,4,09/02/2026
D-115,Alpine Wheels,MN,RW-7298,28,09/03/2026
D-115,Alpine Wheels,MN,RW-9304,2,09/05/2026
D-115,Alpine Wheels,MN,RW-9324,21,09/03/2026
D-115,Alpine Wheels,MN,RW-9835,62,09/02/2026
D-115,Alpine Wheels,MN,RW-9901,7,09/07/2026
D-116,Timberline Bikes,GA,RW-1378,2,09/04/2026
D-116,Timberline Bikes,GA,RW-2984,13,09/06/2026
D-116,Timberline Bikes,GA,RW-3980,1,09/07/2026
D-116,Timberline Bikes,GA,RW-6416,4,09/02/2026
D-116,Timberline Bikes,GA,RW-7298,3,09/07/2026
D-116,Timberline Bikes,GA,RW-9304,1,09/03/2026
D-116,Timberline Bikes,GA,RW-9324,7,09/06/2026
D-116,Timberline Bikes,GA,RW-9835,3,09/06/2026
D-116,Timberline Bikes,GA,RW-9901,9,09/02/2026
D-117,Mesa Verde Cycling,FL,RW-1378,4,09/05/2026
D-117,Mesa Verde Cycling,FL,RW-2984,1,09/03/2026
D-117,Mesa Verde Cycling,FL,RW-4418,9,09/07/2026
D-117,Mesa Verde Cycling,FL,RW-6416,2,09/05/2026
D-117,Mesa Verde Cycling,FL,RW-7298,2,09/07/2026
D-117,Mesa Verde Cycling,FL,RW-9304,3,09/04/2026
D-117,Mesa Verde Cycling,FL,RW-9324,1,09/05/2026
D-117,Mesa Verde Cycling,FL,RW-9835,3,09/04/2026
D-117,Mesa Verde Cycling,FL,RW-9901,7,09/04/2026
D-118,Lakeshore Cyclery,ID,RW-1378,5,09/02/2026
D-118,Lakeshore Cyclery,ID,RW-2984,6,09/06/2026
D-118,Lakeshore Cyclery,ID,RW-3980,1,09/02/2026
D-118,Lakeshore Cyclery,ID,RW-4418,8,09/07/2026
D-118,Lakeshore Cyclery,ID,RW-6416,1,09/07/2026
D-118,Lakeshore Cyclery,ID,RW-7298,2,09/03/2026
D-118,Lakeshore Cyclery,ID,RW-9304,5,09/07/2026
D-118,Lakeshore Cyclery,ID,RW-9324,11,09/03/2026
D-118,Lakeshore Cyclery,ID,RW-9835,5,09/04/2026
D-118,Lakeshore Cyclery,ID,RW-9901,5,09/06/2026
D-119,Pinecrest Bikes,MT,RW-1378,6,09/05/2026
D-119,Pinecrest Bikes,MT,RW-2984,8,09/07/2026
D-119,Pinecrest Bikes,MT,RW-3980,2,09/06/2026
D-119,Pinecrest Bikes,MT,RW-4418,3,09/06/2026
D-119,Pinecrest Bikes,MT,RW-6416,9,09/06/2026
D-119,Pinecrest Bikes,MT,RW-7298,7,09/06/2026
D-119,Pinecrest Bikes,MT,RW-9304,1,09/04/2026
D-119,Pinecrest Bikes,MT,RW-9324,19,09/07/2026
D-119,Pinecrest Bikes,MT,RW-9835,1,09/04/2026
D-119,Pinecrest Bikes,MT,RW-9901,3,09/04/2026
D-120,Stone Bridge Cycles,NM,RW-1378,7,09/02/2026
D-120,Stone Bridge Cycles,NM,RW-2984,10,09/02/2026
D-120,Stone Bridge Cycles,NM,RW-3980,2,09/06/2026
D-120,Stone Bridge Cycles,NM,RW-4418,3,09/05/2026
D-120,Stone Bridge Cycles,NM,RW-6416,2,09/04/2026
D-120,Stone Bridge Cycles,NM,RW-7298,8,09/06/2026
D-120,Stone Bridge Cycles,NM,RW-9304,2,09/02/2026
D-120,Stone Bridge Cycles,NM,RW-9324,21,09/02/2026
D-120,Stone Bridge Cycles,NM,RW-9835,6,09/07/2026
D-120,Stone Bridge Cycles,NM,RW-9901,4,09/05/2026
D-121,Red Rock Bike Co,CA,RW-1378,1,09/04/2026
D-121,Red Rock Bike Co,CA,RW-3980,3,09/02/2026
D-121,Red Rock Bike Co,CA,RW-9324,6,09/03/2026
D-121,Red Rock Bike Co,CA,RW-9835,1,09/04/2026
D-122,Evergreen Cycle Shop,CO,RW-1378,6,09/03/2026
D-122,Evergreen Cycle Shop,CO,RW-2984,7,09/07/2026
D-122,Evergreen Cycle Shop,CO,RW-3980,3,09/03/2026
D-122,Evergreen Cycle Shop,CO,RW-4418,9,09/06/2026
D-122,Evergreen Cycle Shop,CO,RW-6416,1,09/07/2026
D-122,Evergreen Cycle Shop,CO,RW-7298,55,09/03/2026
D-122,Evergreen Cycle Shop,CO,RW-9304,3,09/02/2026
D-122,Evergreen Cycle Shop,CO,RW-9324,15,09/07/2026
D-122,Evergreen Cycle Shop,CO,RW-9835,57,09/07/2026
D-122,Evergreen Cycle Shop,CO,RW-9901,3,09/04/2026
D-123,Metro Velo,OR,RW-1378,2,09/07/2026
D-123,Metro Velo,OR,RW-2984,8,09/04/2026
D-123,Metro Velo,OR,RW-3980,5,09/03/2026
D-123,Metro Velo,OR,RW-4418,7,09/02/2026
D-123,Metro Velo,OR,RW-6416,6,09/04/2026
D-123,Metro Velo,OR,RW-7298,8,09/04/2026
D-123,Metro Velo,OR,RW-9304,1,09/05/2026
D-123,Metro Velo,OR,RW-9324,41,09/04/2026
D-123,Metro Velo,OR,RW-9835,5,09/04/2026
D-123,Metro Velo,OR,RW-9901,13,09/02/2026
D-124,Foothills Bicycles,WA,RW-1378,10,09/06/2026
D-124,Foothills Bicycles,WA,RW-2984,10,09/07/2026
D-124,Foothills Bicycles,WA,RW-3980,6,09/07/2026
D-124,Foothills Bicycles,WA,RW-4418,12,09/02/2026
D-124,Foothills Bicycles,WA,RW-6416,5,09/02/2026
D-124,Foothills Bicycles,WA,RW-7298,5,09/04/2026
D-124,Foothills Bicycles,WA,RW-9304,2,09/07/2026
D-124,Foothills Bicycles,WA,RW-9324,27,09/07/2026
D-124,Foothills Bicycles,WA,RW-9835,5,09/07/2026
D-124,Foothills Bicycles,WA,RW-9901,6,09/07/2026
D-125,Switchback Cycles,UT,RW-2984,5,09/02/2026
D-125,Switchback Cycles,UT,RW-3980,4,09/07/2026
D-125,Switchback Cycles,UT,RW-4418,2,09/03/2026
D-125,Switchback Cycles,UT,RW-6416,4,09/06/2026
D-125,Switchback Cycles,UT,RW-7298,2,09/02/2026
D-125,Switchback Cycles,UT,RW-9324,2,09/07/2026
D-125,Switchback Cycles,UT,RW-9835,1,09/03/2026
D-125,Switchback Cycles,UT,RW-9901,6,09/05/2026
D-126,Harbor Bikes,AZ,RW-2984,1,09/07/2026
D-126,Harbor Bikes,AZ,RW-3980,3,09/06/2026
D-126,Harbor Bikes,AZ,RW-4418,6,09/03/2026
D-126,Harbor Bikes,AZ,RW-6416,2,09/06/2026
D-126,Harbor Bikes,AZ,RW-7298,2,09/04/2026
D-126,Harbor Bikes,AZ,RW-9304,1,09/05/2026
D-126,Harbor Bikes,AZ,RW-9324,5,09/07/2026
D-126,Harbor Bikes,AZ,RW-9835,4,09/02/2026
D-126,Harbor Bikes,AZ,RW-9901,3,09/06/2026
D-127,Prairie Wind Cycling,TX,RW-1378,1,09/03/2026
D-127,Prairie Wind Cycling,TX,RW-2984,6,09/06/2026
D-127,Prairie Wind Cycling,TX,RW-3980,3,09/02/2026
D-127,Prairie Wind Cycling,TX,RW-7298,3,09/05/2026
D-127,Prairie Wind Cycling,TX,RW-9324,1,09/02/2026
D-127,Prairie Wind Cycling,TX,RW-9835,2,09/07/2026
D-127,Prairie Wind Cycling,TX,RW-9901,1,09/05/2026
D-128,Sierra Bike Works,NC,RW-1378,5,09/04/2026
D-128,Sierra Bike Works,NC,RW-2984,4,09/04/2026
D-128,Sierra Bike Works,NC,RW-3980,1,09/03/2026
D-128,Sierra Bike Works,NC,RW-4418,1,09/07/2026
D-128,Sierra Bike Works,NC,RW-6416,3,09/07/2026
D-128,Sierra Bike Works,NC,RW-7298,6,09/05/2026
D-128,Sierra Bike Works,NC,RW-9324,6,09/05/2026
D-128,Sierra Bike Works,NC,RW-9835,5,09/03/2026
D-128,Sierra Bike Works,NC,RW-9901,4,09/03/2026
D-129,Blue Ridge Cyclery,VT,RW-1378,5,09/05/2026
D-129,Blue Ridge Cyclery,VT,RW-2984,7,09/07/2026
D-129,Blue Ridge Cyclery,VT,RW-3980,3,09/07/2026
D-129,Blue Ridge Cyclery,VT,RW-4418,8,09/02/2026
D-129,Blue Ridge Cyclery,VT,RW-6416,8,09/07/2026
D-129,Blue Ridge Cyclery,VT,RW-7298,1,09/05/2026
D-129,Blue Ridge Cyclery,VT,RW-9304,1,09/06/2026
D-129,Blue Ridge Cyclery,VT,RW-9324,32,09/07/2026
D-129,Blue Ridge Cyclery,VT,RW-9835,2,09/05/2026
D-129,Blue Ridge Cyclery,VT,RW-9901,10,09/03/2026
D-130,Big Sky Bikes,NY,RW-2984,2,09/02/2026
D-130,Big Sky Bikes,NY,RW-4418,3,09/02/2026
D-130,Big Sky Bikes,NY,RW-7298,1,09/05/2026
D-130,Big Sky Bikes,NY,RW-9324,8,09/04/2026
D-131,Copperline Cycles,MA,RW-1378,4,09/03/2026
D-131,Copperline Cycles,MA,RW-2984,7,09/03/2026
D-131,Copperline Cycles,MA,RW-3980,6,09/03/2026
D-131,Copperline Cycles,MA,RW-4418,4,09/04/2026
D-131,Copperline Cycles,MA,RW-6416,1,09/03/2026
D-131,Copperline Cycles,MA,RW-7298,10,09/05/2026
D-131,Copperline Cycles,MA,RW-9304,3,09/07/2026
D-131,Copperline Cycles,MA,RW-9324,20,09/04/2026
D-131,Copperline Cycles,MA,RW-9835,10,09/07/2026
D-131,Copperline Cycles,MA,RW-9901,3,09/05/2026
D-132,Bayside Bicycle Co,PA,RW-1378,9,09/02/2026
D-132,Bayside Bicycle Co,PA,RW-2984,8,09/02/2026
D-132,Bayside Bicycle Co,PA,RW-3980,3,09/07/2026
D-132,Bayside Bicycle Co,PA,RW-4418,9,09/05/2026
D-132,Bayside Bicycle Co,PA,RW-6416,2,09/04/2026
D-132,Bayside Bicycle Co,PA,RW-9324,9,09/04/2026
D-132,Bayside Bicycle Co,PA,RW-9835,1,09/05/2026
D-132,Bayside Bicycle Co,PA,RW-9901,1,09/04/2026
D-133,Rimrock Cyclery,IL,RW-1378,8,09/06/2026
D-133,Rimrock Cyclery,IL,RW-2984,4,09/02/2026
D-133,Rimrock Cyclery,IL,RW-3980,1,09/05/2026
D-133,Rimrock Cyclery,IL,RW-4418,2,09/05/2026
D-133,Rimrock Cyclery,IL,RW-6416,5,09/07/2026
D-133,Rimrock Cyclery,IL,RW-7298,2,09/03/2026
D-133,Rimrock Cyclery,IL,RW-9304,2,09/02/2026
D-133,Rimrock Cyclery,IL,RW-9324,16,09/02/2026
D-133,Rimrock Cyclery,IL,RW-9835,8,09/02/2026
D-134,Old Town Bikes,MI,RW-1378,6,09/04/2026
D-134,Old Town Bikes,MI,RW-2984,7,09/05/2026
D-134,Old Town Bikes,MI,RW-6416,2,09/06/2026
D-134,Old Town Bikes,MI,RW-7298,2,09/05/2026
D-134,Old Town Bikes,MI,RW-9324,1,09/05/2026
D-134,Old Town Bikes,MI,RW-9835,1,09/05/2026
D-134,Old Town Bikes,MI,RW-9901,1,09/07/2026
D-135,Elk Creek Cycles,MN,RW-1378,8,09/03/2026
D-135,Elk Creek Cycles,MN,RW-2984,20,09/04/2026
D-135,Elk Creek Cycles,MN,RW-3980,8,09/04/2026
D-135,Elk Creek Cycles,MN,RW-4418,5,09/04/2026
D-135,Elk Creek Cycles,MN,RW-6416,3,09/06/2026
D-135,Elk Creek Cycles,MN,RW-7298,3,09/06/2026
D-135,Elk Creek Cycles,MN,RW-9304,2,09/03/2026
D-135,Elk Creek Cycles,MN,RW-9324,30,09/04/2026
D-135,Elk Creek Cycles,MN,RW-9835,6,09/03/2026
D-135,Elk Creek Cycles,MN,RW-9901,11,09/07/2026
D-136,Capitol Cyclery,GA,RW-1378,5,09/04/2026
D-136,Capitol Cyclery,GA,RW-2984,8,09/05/2026
D-136,Capitol Cyclery,GA,RW-3980,6,09/02/2026
D-136,Capitol Cyclery,GA,RW-4418,4,09/02/2026
D-136,Capitol Cyclery,GA,RW-7298,6,09/02/2026
D-136,Capitol Cyclery,GA,RW-9304,3,09/02/2026
D-136,Capitol Cyclery,GA,RW-9324,17,09/02/2026
D-136,Capitol Cyclery,GA,RW-9835,8,09/02/2026
D-136,Capitol Cyclery,GA,RW-9901,4,09/06/2026
D-137,Driftwood Bikes,FL,RW-1378,5,09/05/2026
D-137,Driftwood Bikes,FL,RW-2984,5,09/07/2026
D-137,Driftwood Bikes,FL,RW-4418,2,09/06/2026
D-137,Driftwood Bikes,FL,RW-7298,3,09/02/2026
D-137,Driftwood Bikes,FL,RW-9324,11,09/02/2026
D-137,Driftwood Bikes,FL,RW-9835,5,09/03/2026
D-137,Driftwood Bikes,FL,RW-9901,4,09/04/2026
D-138,Ironwood Cycle Co,ID,RW-1378,1,09/06/2026
D-138,Ironwood Cycle Co,ID,RW-4418,1,09/06/2026
D-138,Ironwood Cycle Co,ID,RW-7298,1,09/03/2026
D-138,Ironwood Cycle Co,ID,RW-9324,1,09/05/2026
D-138,Ironwood Cycle Co,ID,RW-9901,1,09/03/2026
D-139,Tidewater Bicycles,MT,RW-2984,1,09/05/2026
D-139,Tidewater Bicycles,MT,RW-4418,4,09/02/2026
D-139,Tidewater Bicycles,MT,RW-6416,1,09/03/2026
D-139,Tidewater Bicycles,MT,RW-9324,5,09/06/2026
D-139,Tidewater Bicycles,MT,RW-9835,1,09/02/2026
D-139,Tidewater Bicycles,MT,RW-9901,3,09/02/2026
D-140,Aspen Grove Cycles,NM,RW-1378,2,09/06/2026
D-140,Aspen Grove Cycles,NM,RW-3980,1,09/05/2026
D-140,Aspen Grove Cycles,NM,RW-6416,2,09/02/2026
D-140,Aspen Grove Cycles,NM,RW-9324,6,09/02/2026
D-141,Basin Bike Shop,CA,RW-1378,1,09/02/2026
D-141,Basin Bike Shop,CA,RW-2984,10,09/05/2026
D-141,Basin Bike Shop,CA,RW-3980,3,09/02/2026
D-141,Basin Bike Shop,CA,RW-4418,4,09/06/2026
D-141,Basin Bike Shop,CA,RW-7298,39,09/04/2026
D-141,Basin Bike Shop,CA,RW-9304,2,09/02/2026
D-141,Basin Bike Shop,CA,RW-9324,20,09/05/2026
D-141,Basin Bike Shop,CA,RW-9835,61,09/07/2026
D-141,Basin Bike Shop,CA,RW-9901,4,09/05/2026
D-142,Wildflower Cyclery,CO,RW-1378,8,09/06/2026
D-142,Wildflower Cyclery,CO,RW-2984,2,09/04/2026
D-142,Wildflower Cyclery,CO,RW-4418,2,09/05/2026
D-142,Wildflower Cyclery,CO,RW-6416,2,09/02/2026
D-142,Wildflower Cyclery,CO,RW-7298,1,09/02/2026
D-142,Wildflower Cyclery,CO,RW-9324,2,09/07/2026
D-143,Overlook Bikes,OR,RW-1378,2,09/07/2026
D-143,Overlook Bikes,OR,RW-2984,1,09/04/2026
D-143,Overlook Bikes,OR,RW-3980,2,09/06/2026
D-143,Overlook Bikes,OR,RW-4418,1,09/04/2026
D-143,Overlook Bikes,OR,RW-6416,2,09/02/2026
D-143,Overlook Bikes,OR,RW-7298,1,09/02/2026
D-143,Overlook Bikes,OR,RW-9304,2,09/03/2026
D-143,Overlook Bikes,OR,RW-9324,14,09/05/2026
D-143,Overlook Bikes,OR,RW-9835,4,09/02/2026
D-144,Cedar Ridge Cycles,WA,RW-1378,1,09/02/2026
D-144,Cedar Ridge Cycles,WA,RW-2984,2,09/05/2026
D-144,Cedar Ridge Cycles,WA,RW-6416,4,09/04/2026
D-144,Cedar Ridge Cycles,WA,RW-7298,1,09/02/2026
D-144,Cedar Ridge Cycles,WA,RW-9324,8,09/02/2026
D-144,Cedar Ridge Cycles,WA,RW-9835,4,09/05/2026
D-144,Cedar Ridge Cycles,WA,RW-9901,1,09/05/2026
D-145,Frontier Bicycle Works,UT,RW-1378,2,09/07/2026
D-145,Frontier Bicycle Works,UT,RW-2984,9,09/05/2026
D-145,Frontier Bicycle Works,UT,RW-3980,4,09/05/2026
D-145,Frontier Bicycle Works,UT,RW-4418,3,09/05/2026
D-145,Frontier Bicycle Works,UT,RW-6416,5,09/03/2026
D-145,Frontier Bicycle Works,UT,RW-7298,2,09/05/2026
D-145,Frontier Bicycle Works,UT,RW-9304,3,09/03/2026
D-145,Frontier Bicycle Works,UT,RW-9324,12,09/06/2026
D-145,Frontier Bicycle Works,UT,RW-9835,1,09/07/2026
D-145,Frontier Bicycle Works,UT,RW-9901,3,09/05/2026
