week_start,sku,forecast_units
2026-09-07,RW-3980,15
2026-09-07,RW-9835,14
2026-09-07,RW-2984,18
2026-09-07,RW-7298,8
2026-09-07,RW-1378,11
2026-09-07,RW-9304,19
2026-09-07,RW-9324,3
2026-09-07,RW-4418,19
2026-09-07,RW-9901,13
2026-09-07,RW-6416,11
2026-09-14,RW-3980,15
2026-09-14,RW-9835,14
2026-09-14,RW-2984,18
2026-09-14,RW-7298,8
2026-09-14,RW-1378,11
2026-09-14,RW-9304,19
2026-09-14,RW-9324,3
2026-09-14,RW-4418,19
2026-09-14,RW-9901,13
2026-09-14,RW-6416,11
2026-09-21,RW-3980,15
2026-09-21,RW-9835,14
2026-09-21,RW-2984,18
2026-09-21,RW-7298,8
2026-09-21,RW-1378,11
2026-09-21,RW-9304,19
2026-09-21,RW-9324,3
2026-09-21,RW-4418,19
2026-09-21,RW-9901,13
2026-09-21,RW-6416,12
2026-09-28,RW-3980,15
2026-09-28,RW-9835,14
2026-09-28,RW-2984,18
2026-09-28,RW-7298,8
2026-09-28,RW-1378,11
2026-09-28,RW-9304,19
2026-09-28,RW-9324,3
2026-09-28,RW-4418,20
2026-09-28,RW-9901,13
2026-09-28,RW-6416,12
2026-10-05,RW-3980,15
2026-10-05,RW-9835,14
2026-10-05,RW-2984,18
2026-10-05,RW-7298,8
2026-10-05,RW-1378,11
2026-10-05,RW-9304,19
2026-10-05,RW-9324,3
2026-10-05,RW-4418,20
2026-10-05,RW-9901,13
2026-10-05,RW-6416,12
2026-10-12,RW-3980,15
2026-10-12,RW-9835,14
2026-10-12,RW-2984,18
2026-10-12,RW-7298,8
2026-10-12,RW-1378,11
2026-10-12,RW-9304,20
2026-10-12,RW-9324,3
2026-10-12,RW-4418,20
2026-10-12,RW-9901,13
2026-10-12,RW-6416,12
2026-10-19,RW-3980,15
2026-10-19,RW-9835,14
2026-10-19,RW-2984,18
2026-10-19,RW-7298,8
2026-10-19,RW-1378,11
2026-10-19,RW-9304,20
2026-10-19,RW-9324,3
2026-10-19,RW-4418,20
2026-10-19,RW-9901,13
2026-10-19,RW-6416,12
2026-10-26,RW-3980,14
2026-10-26,RW-9835,14
2026-10-26,RW-2984,18
2026-10-26,RW-7298,8
2026-10-26,RW-1378,11
2026-10-26,RW-9304,20
2026-10-26,RW-9324,3
2026-10-26,RW-4418,20
2026-10-26,RW-9901,13
2026-10-26,RW-6416,12
2026-11-02,RW-3980,14
2026-11-02,RW-9835,14
2026-11-02,RW-2984,18
2026-11-02,RW-7298,8
2026-11-02,RW-1378,11
2026-11-02,RW-9304,20
2026-11-02,RW-9324,3
2026-11-02,RW-4418,21
2026-11-02,RW-9901,13
2026-11-02,RW-6416,12
2026-11-09,RW-3980,14
2026-11-09,RW-9835,13
2026-11-09,RW-2984,18
2026-11-09,RW-7298,8
2026-11-09,RW-1378,11
2026-11-09,RW-9304,20
2026-11-09,RW-9324,3
2026-11-09,RW-4418,21
2026-11-09,RW-9901,13
2026-11-09,RW-6416,12
2026-11-16,RW-3980,14
2026-11-16,RW-9835,13
2026-11-16,RW-2984,18
2026-11-16,RW-7298,8
2026-11-16,RW-1378,11
2026-11-16,RW-9304,20
2026-11-16,RW-9324,3
2026-11-16,RW-4418,21
2026-11-16,RW-9901,13
2026-11-16,RW-6416,13
2026-11-23,RW-3980,14
2026-11-23,RW-9835,13
2026-11-23,RW-2984,18
2026-11-23,RW-7298,8
2026-11-23,RW-1378,11
2026-11-23,RW-9304,20
2026-11-23,RW-9324,3
2026-11-23,RW-4418,21
2026-11-23,RW-9901,13
2026-11-23,RW-6416,13
2026-11-30,RW-3980,14
2026-11-30,RW-9835,13
2026-11-30,RW-2984,18
2026-11-30,RW-7298,8
2026-11-30,RW-1378,11
2026-11-30,RW-9304,20
2026-11-30,RW-9324,3
2026-11-30,RW-4418,21
2026-11-30,RW-9901,13
2026-11-30,RW-6416,13
2026-12-07,RW-3980,18
2026-12-07,RW-9835,16
2026-12-07,RW-2984,22
2026-12-07,RW-7298,10
2026-12-07,RW-1378,13
2026-12-07,RW-9304,26
2026-12-07,RW-9324,4
2026-12-07,RW-4418,27
2026-12-07,RW-9901,16
2026-12-07,RW-6416,16
2026-12-14,RW-3980,18
2026-12-14,RW-9835,16
2026-12-14,RW-2984,22
2026-12-14,RW-7298,10
2026-12-14,RW-1378,13
2026-12-14,RW-9304,26
2026-12-14,RW-9324,4
2026-12-14,RW-4418,27
2026-12-14,RW-9901,16
2026-12-14,RW-6416,16
2026-12-21,RW-3980,18
2026-12-21,RW-9835,16
2026-12-21,RW-2984,22
2026-12-21,RW-7298,10
2026-12-21,RW-1378,13
2026-12-21,RW-9304,26
2026-12-21,RW-9324,4
2026-12-21,RW-4418,28
2026-12-21,RW-9901,16
2026-12-21,RW-6416,17
2026-12-28,RW-3980,18
2026-12-28,RW-9835,16
2026-12-28,RW-2984,22
2026-12-28,RW-7298,10
2026-12-28,RW-1378,13
2026-12-28,RW-9304,26
2026-12-28,RW-9324,4
2026-12-28,RW-4418,28
2026-12-28,RW-9901,16
2026-12-28,RW-6416,17
2027-01-04,RW-3980,18
2027-01-04,RW-9835,16
2027-01-04,RW-2984,22
2027-01-04,RW-7298,10
2027-01-04,RW-1378,13
2027-01-04,RW-9304,26
2027-01-04,RW-9324,4
2027-01-04,RW-4418,28
2027-01-04,RW-9901,16
2027-01-04,RW-6416,17
2027-01-11,RW-3980,18
2027-01-11,RW-9835,16
2027-01-11,RW-2984,22
2027-01-11,RW-7298,10
2027-01-11,RW-1378,13
2027-01-11,RW-9304,26
2027-01-11,RW-9324,4
2027-01-11,RW-4418,29
2027-01-11,RW-9901,16
2027-01-11,RW-6416,17
2027-01-18,RW-3980,18
2027-01-18,RW-9835,16
2027-01-18,RW-2984,22
2027-01-18,RW-7298,10
2027-01-18,RW-1378,13
2027-01-18,RW-9304,26
2027-01-18,RW-9324,4
2027-01-18,RW-4418,29
2027-01-18,RW-9901,16
2027-01-18,RW-6416,17
2027-01-25,RW-3980,18
2027-01-25,RW-9835,16
2027-01-25,RW-2984,22
2027-01-25,RW-7298,9
2027-01-25,RW-1378,13
2027-01-25,RW-9304,27
2027-01-25,RW-9324,4
2027-01-25,RW-4418,29
2027-01-25,RW-9901,17
2027-01-25,RW-6416,17
2027-02-01,RW-3980,17
2027-02-01,RW-9835,16
2027-02-01,RW-2984,22
2027-02-01,RW-7298,9
2027-02-01,RW-1378,13
2027-02-01,RW-9304,27
2027-02-01,RW-9324,4
2027-02-01,RW-4418,29
2027-02-01,RW-9901,17
2027-02-01,RW-6416,18
2027-02-08,RW-3980,17
2027-02-08,RW-9835,16
2027-02-08,RW-2984,22
2027-02-08,RW-7298,9
2027-02-08,RW-1378,13
2027-02-08,RW-9304,27
2027-02-08,RW-9324,4
2027-02-08,RW-4418,30
2027-02-08,RW-9901,17
2027-02-08,RW-6416,18
2027-02-15,RW-3980,17
2027-02-15,RW-9835,16
2027-02-15,RW-2984,22
2027-02-15,RW-7298,9
2027-02-15,RW-1378,13
2027-02-15,RW-9304,27
2027-02-15,RW-9324,4
2027-02-15,RW-4418,30
2027-02-15,RW-9901,17
2027-02-15,RW-6416,18
2027-02-22,RW-3980,17
2027-02-22,RW-9835,15
2027-02-22,RW-2984,22
2027-02-22,RW-7298,9
2027-02-22,RW-1378,13
2027-02-22,RW-9304,27
2027-02-22,RW-9324,4
2027-02-22,RW-4418,30
2027-02-22,RW-9901,17
2027-02-22,RW-6416,18
2027-03-01,RW-3980,28
2027-03-01,RW-9835,25
2027-03-01,RW-2984,36
2027-03-01,RW-7298,15
2027-03-01,RW-1378,22
2027-03-01,RW-9304,44
2027-03-01,RW-9324,7
2027-03-01,RW-4418,49
2027-03-01,RW-9901,27
2027-03-01,RW-6416,29
2027-03-08,RW-3980,28
2027-03-08,RW-9835,24
2027-03-08,RW-2984,36
2027-03-08,RW-7298,15
2027-03-08,RW-1378,22
2027-03-08,RW-9304,44
2027-03-08,RW-9324,7
2027-03-08,RW-4418,49
2027-03-08,RW-9901,27
2027-03-08,RW-6416,30
2027-03-15,RW-3980,28
2027-03-15,RW-9835,24
2027-03-15,RW-2984,36
2027-03-15,RW-7298,15
2027-03-15,RW-1378,22
2027-03-15,RW-9304,44
2027-03-15,RW-9324,7
2027-03-15,RW-4418,50
2027-03-15,RW-9901,27
2027-03-15,RW-6416,30
2027-03-22,RW-3980,27
2027-03-22,RW-9835,24
2027-03-22,RW-2984,36
2027-03-22,RW-7298,15
2027-03-22,RW-1378,22
2027-03-22,RW-9304,45
2027-03-22,RW-9324,7
2027-03-22,RW-4418,50
2027-03-22,RW-9901,27
2027-03-22,RW-6416,30
2027-03-29,RW-3980,27
2027-03-29,RW-9835,24
2027-03-29,RW-2984,36
2027-03-29,RW-7298,14
2027-03-29,RW-1378,22
2027-03-29,RW-9304,45
2027-03-29,RW-9324,7
2027-03-29,RW-4418,51
2027-03-29,RW-9901,27
2027-03-29,RW-6416,31
2027-04-05,RW-3980,27
2027-04-05,RW-9835,24
2027-04-05,RW-2984,36
2027-04-05,RW-7298,14
2027-04-05,RW-1378,22
2027-04-05,RW-9304,45
2027-04-05,RW-9324,7
2027-04-05,RW-4418,52
2027-04-05,RW-9901,27
2027-04-05,RW-6416,31
2027-04-12,RW-3980,27
2027-04-12,RW-9835,24
2027-04-12,RW-2984,36
2027-04-12,RW-7298,14
2027-04-12,RW-1378,22
2027-04-12,RW-9304,45
2027-04-12,RW-9324,7
2027-04-12,RW-4418,52
2027-04-12,RW-9901,27
2027-04-12,RW-6416,31
2027-04-19,RW-3980,27
2027-04-19,RW-9835,24
2027-04-19,RW-2984,36
2027-04-19,RW-7298,14
2027-04-19,RW-1378,22
2027-04-19,RW-9304,46
2027-04-19,RW-9324,7
2027-04-19,RW-4418,53
2027-04-19,RW-9901,27
2027-04-19,RW-6416,32
2027-04-26,RW-3980,27
2027-04-26,RW-9835,23
2027-04-26,RW-2984,36
2027-04-26,RW-7298,14
2027-04-26,RW-1378,22
2027-04-26,RW-9304,46
2027-04-26,RW-9324,7
2027-04-26,RW-4418,53
2027-04-26,RW-9901,27
2027-04-26,RW-6416,32
2027-05-03,RW-3980,27
2027-05-03,RW-9835,23
2027-05-03,RW-2984,36
2027-05-03,RW-7298,14
2027-05-03,RW-1378,22
2027-05-03,RW-9304,46
2027-05-03,RW-9324,7
2027-05-03,RW-4418,54
2027-05-03,RW-9901,27
2027-05-03,RW-6416,32
2027-05-10,RW-3980,27
2027-05-10,RW-9835,23
2027-05-10,RW-2984,36
2027-05-10,RW-7298,14
2027-05-10,RW-1378,22
2027-05-10,RW-9304,46
2027-05-10,RW-9324,7
2027-05-10,RW-4418,54
2027-05-10,RW-9901,27
2027-05-10,RW-6416,32
2027-05-17,RW-3980,27
2027-05-17,RW-9835,23
2027-05-17,RW-2984,36
2027-05-17,RW-7298,14
2027-05-17,RW-1378,22
2027-05-17,RW-9304,47
2027-05-17,RW-9324,7
2027-05-17,RW-4418,55
2027-05-17,RW-9901,27
2027-05-17,RW-6416,33
2027-05-24,RW-3980,27
2027-05-24,RW-9835,23
2027-05-24,RW-2984,36
2027-05-24,RW-7298,14
2027-05-24,RW-1378,22
2027-05-24,RW-9304,47
2027-05-24,RW-9324,7
2027-05-24,RW-4418,55
2027-05-24,RW-9901,27
2027-05-24,RW-6416,33
2027-05-31,RW-3980,27
2027-05-31,RW-9835,23
2027-05-31,RW-2984,36
2027-05-31,RW-7298,14
2027-05-31,RW-1378,22
2027-05-31,RW-9304,47
2027-05-31,RW-9324,7
2027-05-31,RW-4418,56
2027-05-31,RW-9901,28
2027-05-31,RW-6416,33
2027-06-07,RW-3980,22
2027-06-07,RW-9835,19
2027-06-07,RW-2984,30
2027-06-07,RW-7298,11
2027-06-07,RW-1378,18
2027-06-07,RW-9304,40
2027-06-07,RW-9324,6
2027-06-07,RW-4418,47
2027-06-07,RW-9901,23
2027-06-07,RW-6416,28
2027-06-14,RW-3980,22
2027-06-14,RW-9835,19
2027-06-14,RW-2984,30
2027-06-14,RW-7298,11
2027-06-14,RW-1378,18
2027-06-14,RW-9304,40
2027-06-14,RW-9324,6
2027-06-14,RW-4418,47
2027-06-14,RW-9901,23
2027-06-14,RW-6416,28
2027-06-21,RW-3980,22
2027-06-21,RW-9835,19
2027-06-21,RW-2984,30
2027-06-21,RW-7298,11
2027-06-21,RW-1378,18
2027-06-21,RW-9304,40
2027-06-21,RW-9324,6
2027-06-21,RW-4418,48
2027-06-21,RW-9901,23
2027-06-21,RW-6416,29
2027-06-28,RW-3980,22
2027-06-28,RW-9835,19
2027-06-28,RW-2984,30
2027-06-28,RW-7298,11
2027-06-28,RW-1378,18
2027-06-28,RW-9304,40
2027-06-28,RW-9324,6
2027-06-28,RW-4418,48
2027-06-28,RW-9901,23
2027-06-28,RW-6416,29
2027-07-05,RW-3980,66
2027-07-05,RW-9835,18
2027-07-05,RW-2984,90
2027-07-05,RW-7298,11
2027-07-05,RW-1378,54
2027-07-05,RW-9304,40
2027-07-05,RW-9324,6
2027-07-05,RW-4418,49
2027-07-05,RW-9901,23
2027-07-05,RW-6416,29
2027-07-12,RW-3980,66
2027-07-12,RW-9835,18
2027-07-12,RW-2984,90
2027-07-12,RW-7298,11
2027-07-12,RW-1378,54
2027-07-12,RW-9304,41
2027-07-12,RW-9324,6
2027-07-12,RW-4418,49
2027-07-12,RW-9901,23
2027-07-12,RW-6416,30
2027-07-19,RW-3980,66
2027-07-19,RW-9835,18
2027-07-19,RW-2984,90
2027-07-19,RW-7298,11
2027-07-19,RW-1378,54
2027-07-19,RW-9304,41
2027-07-19,RW-9324,6
2027-07-19,RW-4418,50
2027-07-19,RW-9901,23
2027-07-19,RW-6416,30
2027-07-26,RW-3980,22
2027-07-26,RW-9835,18
2027-07-26,RW-2984,30
2027-07-26,RW-7298,11
2027-07-26,RW-1378,18
2027-07-26,RW-9304,41
2027-07-26,RW-9324,6
2027-07-26,RW-4418,50
2027-07-26,RW-9901,23
2027-07-26,RW-6416,30
2027-08-02,RW-3980,22
2027-08-02,RW-9835,18
2027-08-02,RW-2984,30
2027-08-02,RW-7298,11
2027-08-02,RW-1378,18
2027-08-02,RW-9304,41
2027-08-02,RW-9324,6
2027-08-02,RW-4418,51
2027-08-02,RW-9901,23
2027-08-02,RW-6416,30
2027-08-09,RW-3980,22
2027-08-09,RW-9835,18
2027-08-09,RW-2984,30
2027-08-09,RW-7298,11
2027-08-09,RW-1378,18
2027-08-09,RW-9304,42
2027-08-09,RW-9324,6
2027-08-09,RW-4418,51
2027-08-09,RW-9901,23
2027-08-09,RW-6416,31
2027-08-16,RW-3980,22
2027-08-16,RW-9835,18
2027-08-16,RW-2984,30
2027-08-16,RW-7298,11
2027-08-16,RW-1378,18
2027-08-16,RW-9304,42
2027-08-16,RW-9324,6
2027-08-16,RW-4418,52
2027-08-16,RW-9901,23
2027-08-16,RW-6416,31
2027-08-23,RW-3980,22
2027-08-23,RW-9835,18
2027-08-23,RW-2984,30
2027-08-23,RW-7298,11
2027-08-23,RW-1378,18
2027-08-23,RW-9304,42
2027-08-23,RW-9324,6
2027-08-23,RW-4418,52
2027-08-23,RW-9901,23
2027-08-23,RW-6416,31
2027-08-30,RW-3980,22
2027-08-30,RW-9835,18
2027-08-30,RW-2984,30
2027-08-30,RW-7298,11
2027-08-30,RW-1378,18
2027-08-30,RW-9304,42
2027-08-30,RW-9324,6
2027-08-30,RW-4418,53
2027-08-30,RW-9901,24
2027-08-30,RW-6416,32
2027-09-06,RW-3980,13
2027-09-06,RW-9835,11
2027-09-06,RW-2984,18
2027-09-06,RW-7298,6
2027-09-06,RW-1378,11
2027-09-06,RW-9304,26
2027-09-06,RW-9324,4
2027-09-06,RW-4418,32
2027-09-06,RW-9901,14
2027-09-06,RW-6416,19
2027-09-13,RW-3980,13
2027-09-13,RW-9835,10
2027-09-13,RW-2984,18
2027-09-13,RW-7298,6
2027-09-13,RW-1378,11
2027-09-13,RW-9304,26
2027-09-13,RW-9324,4
2027-09-13,RW-4418,32
2027-09-13,RW-9901,14
2027-09-13,RW-6416,19
2027-09-20,RW-3980,13
2027-09-20,RW-9835,10
2027-09-20,RW-2984,18
2027-09-20,RW-7298,6
2027-09-20,RW-1378,11
2027-09-20,RW-9304,26
2027-09-20,RW-9324,4
2027-09-20,RW-4418,33
2027-09-20,RW-9901,14
2027-09-20,RW-6416,20
2027-09-27,RW-3980,13
2027-09-27,RW-9835,10
2027-09-27,RW-2984,18
2027-09-27,RW-7298,6
2027-09-27,RW-1378,11
2027-09-27,RW-9304,26
2027-09-27,RW-9324,4
2027-09-27,RW-4418,33
2027-09-27,RW-9901,14
2027-09-27,RW-6416,20
2027-10-04,RW-3980,13
2027-10-04,RW-9835,10
2027-10-04,RW-2984,18
2027-10-04,RW-7298,6
2027-10-04,RW-1378,11
2027-10-04,RW-9304,26
2027-10-04,RW-9324,4
2027-10-04,RW-4418,33
2027-10-04,RW-9901,14
2027-10-04,RW-6416,20
2027-10-11,RW-3980,13
2027-10-11,RW-9835,10
2027-10-11,RW-2984,18
2027-10-11,RW-7298,6
2027-10-11,RW-1378,11
2027-10-11,RW-9304,26
2027-10-11,RW-9324,4
2027-10-11,RW-4418,33
2027-10-11,RW-9901,14
2027-10-11,RW-6416,20
2027-10-18,RW-3980,13
2027-10-18,RW-9835,10
2027-10-18,RW-2984,18
2027-10-18,RW-7298,6
2027-10-18,RW-1378,11
2027-10-18,RW-9304,26
2027-10-18,RW-9324,4
2027-10-18,RW-4418,34
2027-10-18,RW-9901,14
2027-10-18,RW-6416,20
2027-10-25,RW-3980,13
2027-10-25,RW-9835,10
2027-10-25,RW-2984,18
2027-10-25,RW-7298,6
2027-10-25,RW-1378,11
2027-10-25,RW-9304,27
2027-10-25,RW-9324,4
2027-10-25,RW-4418,34
2027-10-25,RW-9901,14
2027-10-25,RW-6416,20
2027-11-01,RW-3980,13
2027-11-01,RW-9835,10
2027-11-01,RW-2984,18
2027-11-01,RW-7298,6
2027-11-01,RW-1378,11
2027-11-01,RW-9304,27
2027-11-01,RW-9324,4
2027-11-01,RW-4418,34
2027-11-01,RW-9901,14
2027-11-01,RW-6416,21
2027-11-08,RW-3980,13
2027-11-08,RW-9835,10
2027-11-08,RW-2984,18
2027-11-08,RW-7298,6
2027-11-08,RW-1378,11
2027-11-08,RW-9304,27
2027-11-08,RW-9324,4
2027-11-08,RW-4418,35
2027-11-08,RW-9901,14
2027-11-08,RW-6416,21
2027-11-15,RW-3980,13
2027-11-15,RW-9835,10
2027-11-15,RW-2984,18
2027-11-15,RW-7298,6
2027-11-15,RW-1378,11
2027-11-15,RW-9304,27
2027-11-15,RW-9324,4
2027-11-15,RW-4418,35
2027-11-15,RW-9901,14
2027-11-15,RW-6416,21
2027-11-22,RW-3980,13
2027-11-22,RW-9835,10
2027-11-22,RW-2984,18
2027-11-22,RW-7298,6
2027-11-22,RW-1378,11
2027-11-22,RW-9304,27
2027-11-22,RW-9324,4
2027-11-22,RW-4418,35
2027-11-22,RW-9901,14
2027-11-22,RW-6416,21
2027-11-29,RW-3980,13
2027-11-29,RW-9835,10
2027-11-29,RW-2984,18
2027-11-29,RW-7298,6
2027-11-29,RW-1378,11
2027-11-29,RW-9304,27
2027-11-29,RW-9324,4
2027-11-29,RW-4418,36
2027-11-29,RW-9901,14
2027-11-29,RW-6416,21
2027-12-06,RW-3980,16
2027-12-06,RW-9835,12
2027-12-06,RW-2984,23
2027-12-06,RW-7298,7
2027-12-06,RW-1378,14
2027-12-06,RW-9304,34
2027-12-06,RW-9324,5
2027-12-06,RW-4418,45
2027-12-06,RW-9901,18
2027-12-06,RW-6416,27
2027-12-13,RW-3980,16
2027-12-13,RW-9835,12
2027-12-13,RW-2984,23
2027-12-13,RW-7298,7
2027-12-13,RW-1378,14
2027-12-13,RW-9304,35
2027-12-13,RW-9324,5
2027-12-13,RW-4418,46
2027-12-13,RW-9901,18
2027-12-13,RW-6416,27
2027-12-20,RW-3980,16
2027-12-20,RW-9835,12
2027-12-20,RW-2984,23
2027-12-20,RW-7298,7
2027-12-20,RW-1378,14
2027-12-20,RW-9304,35
2027-12-20,RW-9324,5
2027-12-20,RW-4418,46
2027-12-20,RW-9901,18
2027-12-20,RW-6416,28
2027-12-27,RW-3980,16
2027-12-27,RW-9835,12
2027-12-27,RW-2984,23
2027-12-27,RW-7298,7
2027-12-27,RW-1378,14
2027-12-27,RW-9304,35
2027-12-27,RW-9324,5
2027-12-27,RW-4418,46
2027-12-27,RW-9901,18
2027-12-27,RW-6416,28
2028-01-03,RW-3980,16
2028-01-03,RW-9835,12
2028-01-03,RW-2984,23
2028-01-03,RW-7298,7
2028-01-03,RW-1378,14
2028-01-03,RW-9304,35
2028-01-03,RW-9324,5
2028-01-03,RW-4418,47
2028-01-03,RW-9901,18
2028-01-03,RW-6416,28
2028-01-10,RW-3980,16
2028-01-10,RW-9835,12
2028-01-10,RW-2984,23
2028-01-10,RW-7298,7
2028-01-10,RW-1378,14
2028-01-10,RW-9304,35
2028-01-10,RW-9324,5
2028-01-10,RW-4418,47
2028-01-10,RW-9901,18
2028-01-10,RW-6416,28
2028-01-17,RW-3980,15
2028-01-17,RW-9835,12
2028-01-17,RW-2984,23
2028-01-17,RW-7298,7
2028-01-17,RW-1378,14
2028-01-17,RW-9304,36
2028-01-17,RW-9324,5
2028-01-17,RW-4418,48
2028-01-17,RW-9901,18
2028-01-17,RW-6416,29
2028-01-24,RW-3980,15
2028-01-24,RW-9835,12
2028-01-24,RW-2984,23
2028-01-24,RW-7298,7
2028-01-24,RW-1378,14
2028-01-24,RW-9304,36
2028-01-24,RW-9324,5
2028-01-24,RW-4418,48
2028-01-24,RW-9901,18
2028-01-24,RW-6416,29
2028-01-31,RW-3980,15
2028-01-31,RW-9835,12
2028-01-31,RW-2984,23
2028-01-31,RW-7298,7
2028-01-31,RW-1378,14
2028-01-31,RW-9304,36
2028-01-31,RW-9324,5
2028-01-31,RW-4418,49
2028-01-31,RW-9901,18
2028-01-31,RW-6416,29
2028-02-07,RW-3980,15
2028-02-07,RW-9835,12
2028-02-07,RW-2984,23
2028-02-07,RW-7298,7
2028-02-07,RW-1378,14
2028-02-07,RW-9304,36
2028-02-07,RW-9324,5
2028-02-07,RW-4418,49
2028-02-07,RW-9901,18
2028-02-07,RW-6416,29
2028-02-14,RW-3980,15
2028-02-14,RW-9835,11
2028-02-14,RW-2984,23
2028-02-14,RW-7298,7
2028-02-14,RW-1378,14
2028-02-14,RW-9304,36
2028-02-14,RW-9324,5
2028-02-14,RW-4418,50
2028-02-14,RW-9901,18
2028-02-14,RW-6416,30
2028-02-21,RW-3980,15
2028-02-21,RW-9835,11
2028-02-21,RW-2984,23
2028-02-21,RW-7298,7
2028-02-21,RW-1378,14
2028-02-21,RW-9304,37
2028-02-21,RW-9324,5
2028-02-21,RW-4418,50
2028-02-21,RW-9901,18
2028-02-21,RW-6416,30
2028-02-28,RW-3980,15
2028-02-28,RW-9835,11
2028-02-28,RW-2984,23
2028-02-28,RW-7298,7
2028-02-28,RW-1378,14
2028-02-28,RW-9304,37
2028-02-28,RW-9324,5
2028-02-28,RW-4418,50
2028-02-28,RW-9901,18
2028-02-28,RW-6416,30
2028-03-06,RW-3980,24
2028-03-06,RW-9835,18
2028-03-06,RW-2984,36
2028-03-06,RW-7298,11
2028-03-06,RW-1378,22
2028-03-06,RW-9304,59
2028-03-06,RW-9324,7
2028-03-06,RW-4418,82
2028-03-06,RW-9901,30
2028-03-06,RW-6416,49
2028-03-13,RW-3980,24
2028-03-13,RW-9835,18
2028-03-13,RW-2984,36
2028-03-13,RW-7298,11
2028-03-13,RW-1378,22
2028-03-13,RW-9304,60
2028-03-13,RW-9324,7
2028-03-13,RW-4418,82
2028-03-13,RW-9901,30
2028-03-13,RW-6416,49
2028-03-20,RW-3980,24
2028-03-20,RW-9835,18
2028-03-20,RW-2984,36
2028-03-20,RW-7298,11
2028-03-20,RW-1378,22
2028-03-20,RW-9304,60
2028-03-20,RW-9324,7
2028-03-20,RW-4418,83
2028-03-20,RW-9901,30
2028-03-20,RW-6416,50
2028-03-27,RW-3980,24
2028-03-27,RW-9835,18
2028-03-27,RW-2984,36
2028-03-27,RW-7298,11
2028-03-27,RW-1378,22
2028-03-27,RW-9304,60
2028-03-27,RW-9324,7
2028-03-27,RW-4418,84
2028-03-27,RW-9901,30
2028-03-27,RW-6416,50
2028-04-03,RW-3980,24
2028-04-03,RW-9835,18
2028-04-03,RW-2984,36
2028-04-03,RW-7298,11
2028-04-03,RW-1378,22
2028-04-03,RW-9304,61
2028-04-03,RW-9324,7
2028-04-03,RW-4418,85
2028-04-03,RW-9901,30
2028-04-03,RW-6416,51
2028-04-10,RW-3980,24
2028-04-10,RW-9835,17
2028-04-10,RW-2984,36
2028-04-10,RW-7298,10
2028-04-10,RW-1378,22
2028-04-10,RW-9304,61
2028-04-10,RW-9324,7
2028-04-10,RW-4418,85
2028-04-10,RW-9901,30
2028-04-10,RW-6416,51
2028-04-17,RW-3980,24
2028-04-17,RW-9835,17
2028-04-17,RW-2984,36
2028-04-17,RW-7298,10
2028-04-17,RW-1378,22
2028-04-17,RW-9304,61
2028-04-17,RW-9324,7
2028-04-17,RW-4418,86
2028-04-17,RW-9901,30
2028-04-17,RW-6416,52
2028-04-24,RW-3980,24
2028-04-24,RW-9835,17
2028-04-24,RW-2984,36
2028-04-24,RW-7298,10
2028-04-24,RW-1378,22
2028-04-24,RW-9304,62
2028-04-24,RW-9324,7
2028-04-24,RW-4418,87
2028-04-24,RW-9901,30
2028-04-24,RW-6416,52
2028-05-01,RW-3980,24
2028-05-01,RW-9835,17
2028-05-01,RW-2984,36
2028-05-01,RW-7298,10
2028-05-01,RW-1378,22
2028-05-01,RW-9304,62
2028-05-01,RW-9324,7
2028-05-01,RW-4418,88
2028-05-01,RW-9901,30
2028-05-01,RW-6416,53
2028-05-08,RW-3980,24
2028-05-08,RW-9835,17
2028-05-08,RW-2984,36
2028-05-08,RW-7298,10
2028-05-08,RW-1378,22
2028-05-08,RW-9304,63
2028-05-08,RW-9324,7
2028-05-08,RW-4418,89
2028-05-08,RW-9901,30
2028-05-08,RW-6416,53
2028-05-15,RW-3980,24
2028-05-15,RW-9835,17
2028-05-15,RW-2984,36
2028-05-15,RW-7298,10
2028-05-15,RW-1378,22
2028-05-15,RW-9304,63
2028-05-15,RW-9324,8
2028-05-15,RW-4418,89
2028-05-15,RW-9901,30
2028-05-15,RW-6416,54
2028-05-22,RW-3980,24
2028-05-22,RW-9835,17
2028-05-22,RW-2984,36
2028-05-22,RW-7298,10
2028-05-22,RW-1378,22
2028-05-22,RW-9304,63
2028-05-22,RW-9324,8
2028-05-22,RW-4418,90
2028-05-22,RW-9901,30
2028-05-22,RW-6416,54
2028-05-29,RW-3980,24
2028-05-29,RW-9835,17
2028-05-29,RW-2984,36
2028-05-29,RW-7298,10
2028-05-29,RW-1378,22
2028-05-29,RW-9304,64
2028-05-29,RW-9324,8
2028-05-29,RW-4418,91
2028-05-29,RW-9901,30
2028-05-29,RW-6416,55
2028-06-05,RW-3980,20
2028-06-05,RW-9835,14
2028-06-05,RW-2984,30
2028-06-05,RW-7298,8
2028-06-05,RW-1378,18
2028-06-05,RW-9304,53
2028-06-05,RW-9324,6
2028-06-05,RW-4418,77
2028-06-05,RW-9901,25
2028-06-05,RW-6416,46
2028-06-12,RW-3980,20
2028-06-12,RW-9835,14
2028-06-12,RW-2984,30
2028-06-12,RW-7298,8
2028-06-12,RW-1378,18
2028-06-12,RW-9304,54
2028-06-12,RW-9324,6
2028-06-12,RW-4418,77
2028-06-12,RW-9901,25
2028-06-12,RW-6416,46
2028-06-19,RW-3980,20
2028-06-19,RW-9835,14
2028-06-19,RW-2984,30
2028-06-19,RW-7298,8
2028-06-19,RW-1378,18
2028-06-19,RW-9304,54
2028-06-19,RW-9324,6
2028-06-19,RW-4418,78
2028-06-19,RW-9901,25
2028-06-19,RW-6416,47
2028-06-26,RW-3980,19
2028-06-26,RW-9835,14
2028-06-26,RW-2984,30
2028-06-26,RW-7298,8
2028-06-26,RW-1378,18
2028-06-26,RW-9304,54
2028-06-26,RW-9324,6
2028-06-26,RW-4418,79
2028-06-26,RW-9901,25
2028-06-26,RW-6416,47
2028-07-03,RW-3980,19
2028-07-03,RW-9835,13
2028-07-03,RW-2984,30
2028-07-03,RW-7298,8
2028-07-03,RW-1378,18
2028-07-03,RW-9304,55
2028-07-03,RW-9324,6
2028-07-03,RW-4418,79
2028-07-03,RW-9901,25
2028-07-03,RW-6416,48
2028-07-10,RW-3980,19
2028-07-10,RW-9835,13
2028-07-10,RW-2984,30
2028-07-10,RW-7298,8
2028-07-10,RW-1378,18
2028-07-10,RW-9304,55
2028-07-10,RW-9324,6
2028-07-10,RW-4418,80
2028-07-10,RW-9901,25
2028-07-10,RW-6416,48
2028-07-17,RW-3980,19
2028-07-17,RW-9835,13
2028-07-17,RW-2984,30
2028-07-17,RW-7298,8
2028-07-17,RW-1378,18
2028-07-17,RW-9304,55
2028-07-17,RW-9324,6
2028-07-17,RW-4418,81
2028-07-17,RW-9901,25
2028-07-17,RW-6416,48
2028-07-24,RW-3980,19
2028-07-24,RW-9835,13
2028-07-24,RW-2984,30
2028-07-24,RW-7298,8
2028-07-24,RW-1378,18
2028-07-24,RW-9304,56
2028-07-24,RW-9324,6
2028-07-24,RW-4418,82
2028-07-24,RW-9901,25
2028-07-24,RW-6416,49
2028-07-31,RW-3980,19
2028-07-31,RW-9835,13
2028-07-31,RW-2984,30
2028-07-31,RW-7298,8
2028-07-31,RW-1378,18
2028-07-31,RW-9304,56
2028-07-31,RW-9324,6
2028-07-31,RW-4418,82
2028-07-31,RW-9901,25
2028-07-31,RW-6416,49
2028-08-07,RW-3980,19
2028-08-07,RW-9835,13
2028-08-07,RW-2984,30
2028-08-07,RW-7298,8
2028-08-07,RW-1378,18
2028-08-07,RW-9304,56
2028-08-07,RW-9324,6
2028-08-07,RW-4418,83
2028-08-07,RW-9901,25
2028-08-07,RW-6416,50
2028-08-14,RW-3980,19
2028-08-14,RW-9835,13
2028-08-14,RW-2984,30
2028-08-14,RW-7298,8
2028-08-14,RW-1378,18
2028-08-14,RW-9304,56
2028-08-14,RW-9324,6
2028-08-14,RW-4418,84
2028-08-14,RW-9901,25
2028-08-14,RW-6416,50
2028-08-21,RW-3980,19
2028-08-21,RW-9835,13
2028-08-21,RW-2984,30
2028-08-21,RW-7298,8
2028-08-21,RW-1378,18
2028-08-21,RW-9304,57
2028-08-21,RW-9324,6
2028-08-21,RW-4418,85
2028-08-21,RW-9901,25
2028-08-21,RW-6416,51
2028-08-28,RW-3980,19
2028-08-28,RW-9835,13
2028-08-28,RW-2984,30
2028-08-28,RW-7298,8
2028-08-28,RW-1378,18
2028-08-28,RW-9304,57
2028-08-28,RW-9324,6
2028-08-28,RW-4418,85
2028-08-28,RW-9901,25
2028-08-28,RW-6416,51
2028-09-04,RW-3980,11
2028-09-04,RW-9835,8
2028-09-04,RW-2984,18
2028-09-04,RW-7298,5
2028-09-04,RW-1378,11
2028-09-04,RW-9304,34
2028-09-04,RW-9324,4
2028-09-04,RW-4418,52
2028-09-04,RW-9901,15
2028-09-04,RW-6416,31
2028-09-11,RW-3980,11
2028-09-11,RW-9835,8
2028-09-11,RW-2984,18
2028-09-11,RW-7298,5
2028-09-11,RW-1378,11
2028-09-11,RW-9304,35
2028-09-11,RW-9324,4
2028-09-11,RW-4418,52
2028-09-11,RW-9901,15
2028-09-11,RW-6416,31
2028-09-18,RW-3980,11
2028-09-18,RW-9835,7
2028-09-18,RW-2984,18
2028-09-18,RW-7298,4
2028-09-18,RW-1378,11
2028-09-18,RW-9304,35
2028-09-18,RW-9324,4
2028-09-18,RW-4418,53
2028-09-18,RW-9901,15
2028-09-18,RW-6416,32
2028-09-25,RW-3980,11
2028-09-25,RW-9835,7
2028-09-25,RW-2984,18
2028-09-25,RW-7298,4
2028-09-25,RW-1378,11
2028-09-25,RW-9304,35
2028-09-25,RW-9324,4
2028-09-25,RW-4418,53
2028-09-25,RW-9901,15
2028-09-25,RW-6416,32
2028-10-02,RW-3980,11
2028-10-02,RW-9835,7
2028-10-02,RW-2984,18
2028-10-02,RW-7298,4
2028-10-02,RW-1378,11
2028-10-02,RW-9304,35
2028-10-02,RW-9324,4
2028-10-02,RW-4418,54
2028-10-02,RW-9901,15
2028-10-02,RW-6416,32
2028-10-09,RW-3980,11
2028-10-09,RW-9835,7
2028-10-09,RW-2984,18
2028-10-09,RW-7298,4
2028-10-09,RW-1378,11
2028-10-09,RW-9304,35
2028-10-09,RW-9324,4
2028-10-09,RW-4418,54
2028-10-09,RW-9901,15
2028-10-09,RW-6416,32
2028-10-16,RW-3980,11
2028-10-16,RW-9835,7
2028-10-16,RW-2984,18
2028-10-16,RW-7298,4
2028-10-16,RW-1378,11
2028-10-16,RW-9304,36
2028-10-16,RW-9324,4
2028-10-16,RW-4418,54
2028-10-16,RW-9901,15
2028-10-16,RW-6416,33
2028-10-23,RW-3980,11
2028-10-23,RW-9835,7
2028-10-23,RW-2984,18
2028-10-23,RW-7298,4
2028-10-23,RW-1378,11
2028-10-23,RW-9304,36
2028-10-23,RW-9324,4
2028-10-23,RW-4418,55
2028-10-23,RW-9901,15
2028-10-23,RW-6416,33
2028-10-30,RW-3980,11
2028-10-30,RW-9835,7
2028-10-30,RW-2984,18
2028-10-30,RW-7298,4
2028-10-30,RW-1378,11
2028-10-30,RW-9304,36
2028-10-30,RW-9324,4
2028-10-30,RW-4418,55
2028-10-30,RW-9901,15
2028-10-30,RW-6416,33
2028-11-06,RW-3980,11
2028-11-06,RW-9835,7
2028-11-06,RW-2984,18
2028-11-06,RW-7298,4
2028-11-06,RW-1378,11
2028-11-06,RW-9304,36
2028-11-06,RW-9324,4
2028-11-06,RW-4418,56
2028-11-06,RW-9901,15
2028-11-06,RW-6416,34
2028-11-13,RW-3980,11
2028-11-13,RW-9835,7
2028-11-13,RW-2984,18
2028-11-13,RW-7298,4
2028-11-13,RW-1378,11
2028-11-13,RW-9304,37
2028-11-13,RW-9324,4
2028-11-13,RW-4418,56
2028-11-13,RW-9901,15
2028-11-13,RW-6416,34
2028-11-20,RW-3980,11
2028-11-20,RW-9835,7
2028-11-20,RW-2984,18
2028-11-20,RW-7298,4
2028-11-20,RW-1378,11
2028-11-20,RW-9304,37
2028-11-20,RW-9324,4
2028-11-20,RW-4418,57
2028-11-20,RW-9901,15
2028-11-20,RW-6416,34
2028-11-27,RW-3980,11
2028-11-27,RW-9835,7
2028-11-27,RW-2984,18
2028-11-27,RW-7298,4
2028-11-27,RW-1378,11
2028-11-27,RW-9304,37
2028-11-27,RW-9324,4
2028-11-27,RW-4418,57
2028-11-27,RW-9901,15
2028-11-27,RW-6416,34
2028-12-04,RW-3980,14
2028-12-04,RW-9835,9
2028-12-04,RW-2984,23
2028-12-04,RW-7298,5
2028-12-04,RW-1378,14
2028-12-04,RW-9304,46
2028-12-04,RW-9324,5
2028-12-04,RW-4418,72
2028-12-04,RW-9901,19
2028-12-04,RW-6416,43
2028-12-11,RW-3980,14
2028-12-11,RW-9835,9
2028-12-11,RW-2984,23
2028-12-11,RW-7298,5
2028-12-11,RW-1378,14
2028-12-11,RW-9304,47
2028-12-11,RW-9324,5
2028-12-11,RW-4418,73
2028-12-11,RW-9901,19
2028-12-11,RW-6416,44
2028-12-18,RW-3980,14
2028-12-18,RW-9835,9
2028-12-18,RW-2984,23
2028-12-18,RW-7298,5
2028-12-18,RW-1378,14
2028-12-18,RW-9304,47
2028-12-18,RW-9324,5
2028-12-18,RW-4418,74
2028-12-18,RW-9901,19
2028-12-18,RW-6416,44
2028-12-25,RW-3980,14
2028-12-25,RW-9835,8
2028-12-25,RW-2984,23
2028-12-25,RW-7298,5
2028-12-25,RW-1378,14
2028-12-25,RW-9304,47
2028-12-25,RW-9324,5
2028-12-25,RW-4418,74
2028-12-25,RW-9901,19
2028-12-25,RW-6416,45
2029-01-01,RW-3980,14
2029-01-01,RW-9835,8
2029-01-01,RW-2984,23
2029-01-01,RW-7298,5
2029-01-01,RW-1378,14
2029-01-01,RW-9304,48
2029-01-01,RW-9324,5
2029-01-01,RW-4418,75
2029-01-01,RW-9901,19
2029-01-01,RW-6416,45
2029-01-08,RW-3980,14
2029-01-08,RW-9835,8
2029-01-08,RW-2984,23
2029-01-08,RW-7298,5
2029-01-08,RW-1378,14
2029-01-08,RW-9304,48
2029-01-08,RW-9324,5
2029-01-08,RW-4418,76
2029-01-08,RW-9901,19
2029-01-08,RW-6416,45
2029-01-15,RW-3980,14
2029-01-15,RW-9835,8
2029-01-15,RW-2984,23
2029-01-15,RW-7298,5
2029-01-15,RW-1378,14
2029-01-15,RW-9304,48
2029-01-15,RW-9324,5
2029-01-15,RW-4418,76
2029-01-15,RW-9901,19
2029-01-15,RW-6416,46
2029-01-22,RW-3980,14
2029-01-22,RW-9835,8
2029-01-22,RW-2984,23
2029-01-22,RW-7298,5
2029-01-22,RW-1378,14
2029-01-22,RW-9304,48
2029-01-22,RW-9324,5
2029-01-22,RW-4418,77
2029-01-22,RW-9901,19
2029-01-22,RW-6416,46
2029-01-29,RW-3980,14
2029-01-29,RW-9835,8
2029-01-29,RW-2984,23
2029-01-29,RW-7298,5
2029-01-29,RW-1378,14
2029-01-29,RW-9304,49
2029-01-29,RW-9324,5
2029-01-29,RW-4418,78
2029-01-29,RW-9901,19
2029-01-29,RW-6416,47
2029-02-05,RW-3980,14
2029-02-05,RW-9835,8
2029-02-05,RW-2984,23
2029-02-05,RW-7298,5
2029-02-05,RW-1378,14
2029-02-05,RW-9304,49
2029-02-05,RW-9324,5
2029-02-05,RW-4418,78
2029-02-05,RW-9901,19
2029-02-05,RW-6416,47
2029-02-12,RW-3980,13
2029-02-12,RW-9835,8
2029-02-12,RW-2984,23
2029-02-12,RW-7298,5
2029-02-12,RW-1378,14
2029-02-12,RW-9304,49
2029-02-12,RW-9324,5
2029-02-12,RW-4418,79
2029-02-12,RW-9901,19
2029-02-12,RW-6416,47
2029-02-19,RW-3980,13
2029-02-19,RW-9835,8
2029-02-19,RW-2984,23
2029-02-19,RW-7298,5
2029-02-19,RW-1378,14
2029-02-19,RW-9304,49
2029-02-19,RW-9324,5
2029-02-19,RW-4418,80
2029-02-19,RW-9901,19
2029-02-19,RW-6416,48
2029-02-26,RW-3980,13
2029-02-26,RW-9835,8
2029-02-26,RW-2984,23
2029-02-26,RW-7298,5
2029-02-26,RW-1378,14
2029-02-26,RW-9304,50
2029-02-26,RW-9324,5
2029-02-26,RW-4418,80
2029-02-26,RW-9901,19
2029-02-26,RW-6416,48
2029-03-05,RW-3980,21
2029-03-05,RW-9835,13
2029-03-05,RW-2984,36
2029-03-05,RW-7298,8
2029-03-05,RW-1378,22
2029-03-05,RW-9304,80
2029-03-05,RW-9324,8
2029-03-05,RW-4418,130
2029-03-05,RW-9901,31
2029-03-05,RW-6416,78
2029-03-12,RW-3980,21
2029-03-12,RW-9835,13
2029-03-12,RW-2984,36
2029-03-12,RW-7298,8
2029-03-12,RW-1378,22
2029-03-12,RW-9304,81
2029-03-12,RW-9324,8
2029-03-12,RW-4418,131
2029-03-12,RW-9901,31
2029-03-12,RW-6416,79
2029-03-19,RW-3980,21
2029-03-19,RW-9835,12
2029-03-19,RW-2984,36
2029-03-19,RW-7298,7
2029-03-19,RW-1378,22
2029-03-19,RW-9304,81
2029-03-19,RW-9324,8
2029-03-19,RW-4418,132
2029-03-19,RW-9901,31
2029-03-19,RW-6416,79
2029-03-26,RW-3980,21
2029-03-26,RW-9835,12
2029-03-26,RW-2984,36
2029-03-26,RW-7298,7
2029-03-26,RW-1378,22
2029-03-26,RW-9304,81
2029-03-26,RW-9324,8
2029-03-26,RW-4418,133
2029-03-26,RW-9901,31
2029-03-26,RW-6416,80
2029-04-02,RW-3980,21
2029-04-02,RW-9835,12
2029-04-02,RW-2984,36
2029-04-02,RW-7298,7
2029-04-02,RW-1378,22
2029-04-02,RW-9304,82
2029-04-02,RW-9324,8
2029-04-02,RW-4418,135
2029-04-02,RW-9901,31
2029-04-02,RW-6416,81
2029-04-09,RW-3980,21
2029-04-09,RW-9835,12
2029-04-09,RW-2984,36
2029-04-09,RW-7298,7
2029-04-09,RW-1378,22
2029-04-09,RW-9304,82
2029-04-09,RW-9324,8
2029-04-09,RW-4418,136
2029-04-09,RW-9901,31
2029-04-09,RW-6416,81
2029-04-16,RW-3980,21
2029-04-16,RW-9835,12
2029-04-16,RW-2984,36
2029-04-16,RW-7298,7
2029-04-16,RW-1378,22
2029-04-16,RW-9304,83
2029-04-16,RW-9324,8
2029-04-16,RW-4418,137
2029-04-16,RW-9901,31
2029-04-16,RW-6416,82
2029-04-23,RW-3980,21
2029-04-23,RW-9835,12
2029-04-23,RW-2984,36
2029-04-23,RW-7298,7
2029-04-23,RW-1378,22
2029-04-23,RW-9304,83
2029-04-23,RW-9324,8
2029-04-23,RW-4418,138
2029-04-23,RW-9901,31
2029-04-23,RW-6416,83
2029-04-30,RW-3980,21
2029-04-30,RW-9835,12
2029-04-30,RW-2984,36
2029-04-30,RW-7298,7
2029-04-30,RW-1378,22
2029-04-30,RW-9304,84
2029-04-30,RW-9324,8
2029-04-30,RW-4418,139
2029-04-30,RW-9901,31
2029-04-30,RW-6416,84
2029-05-07,RW-3980,21
2029-05-07,RW-9835,12
2029-05-07,RW-2984,36
2029-05-07,RW-7298,7
2029-05-07,RW-1378,22
2029-05-07,RW-9304,84
2029-05-07,RW-9324,8
2029-05-07,RW-4418,140
2029-05-07,RW-9901,31
2029-05-07,RW-6416,84
2029-05-14,RW-3980,21
2029-05-14,RW-9835,12
2029-05-14,RW-2984,36
2029-05-14,RW-7298,7
2029-05-14,RW-1378,22
2029-05-14,RW-9304,85
2029-05-14,RW-9324,8
2029-05-14,RW-4418,142
2029-05-14,RW-9901,31
2029-05-14,RW-6416,85
2029-05-21,RW-3980,21
2029-05-21,RW-9835,12
2029-05-21,RW-2984,36
2029-05-21,RW-7298,7
2029-05-21,RW-1378,22
2029-05-21,RW-9304,85
2029-05-21,RW-9324,8
2029-05-21,RW-4418,143
2029-05-21,RW-9901,31
2029-05-21,RW-6416,86
2029-05-28,RW-3980,21
2029-05-28,RW-9835,12
2029-05-28,RW-2984,36
2029-05-28,RW-7298,7
2029-05-28,RW-1378,22
2029-05-28,RW-9304,86
2029-05-28,RW-9324,8
2029-05-28,RW-4418,144
2029-05-28,RW-9901,31
2029-05-28,RW-6416,86
2029-06-04,RW-3980,17
2029-06-04,RW-9835,10
2029-06-04,RW-2984,30
2029-06-04,RW-7298,6
2029-06-04,RW-1378,18
2029-06-04,RW-9304,72
2029-06-04,RW-9324,6
2029-06-04,RW-4418,121
2029-06-04,RW-9901,26
2029-06-04,RW-6416,73
2029-06-11,RW-3980,17
2029-06-11,RW-9835,10
2029-06-11,RW-2984,30
2029-06-11,RW-7298,6
2029-06-11,RW-1378,18
2029-06-11,RW-9304,72
2029-06-11,RW-9324,6
2029-06-11,RW-4418,122
2029-06-11,RW-9901,26
2029-06-11,RW-6416,73
2029-06-18,RW-3980,17
2029-06-18,RW-9835,9
2029-06-18,RW-2984,30
2029-06-18,RW-7298,6
2029-06-18,RW-1378,18
2029-06-18,RW-9304,73
2029-06-18,RW-9324,6
2029-06-18,RW-4418,123
2029-06-18,RW-9901,26
2029-06-18,RW-6416,74
2029-06-25,RW-3980,17
2029-06-25,RW-9835,9
2029-06-25,RW-2984,30
2029-06-25,RW-7298,6
2029-06-25,RW-1378,18
2029-06-25,RW-9304,73
2029-06-25,RW-9324,6
2029-06-25,RW-4418,124
2029-06-25,RW-9901,26
2029-06-25,RW-6416,75
2029-07-02,RW-3980,17
2029-07-02,RW-9835,9
2029-07-02,RW-2984,30
2029-07-02,RW-7298,6
2029-07-02,RW-1378,18
2029-07-02,RW-9304,74
2029-07-02,RW-9324,6
2029-07-02,RW-4418,125
2029-07-02,RW-9901,26
2029-07-02,RW-6416,75
2029-07-09,RW-3980,17
2029-07-09,RW-9835,9
2029-07-09,RW-2984,30
2029-07-09,RW-7298,6
2029-07-09,RW-1378,18
2029-07-09,RW-9304,74
2029-07-09,RW-9324,6
2029-07-09,RW-4418,126
2029-07-09,RW-9901,26
2029-07-09,RW-6416,76
2029-07-16,RW-3980,17
2029-07-16,RW-9835,9
2029-07-16,RW-2984,30
2029-07-16,RW-7298,5
2029-07-16,RW-1378,18
2029-07-16,RW-9304,74
2029-07-16,RW-9324,6
2029-07-16,RW-4418,128
2029-07-16,RW-9901,26
2029-07-16,RW-6416,77
2029-07-23,RW-3980,17
2029-07-23,RW-9835,9
2029-07-23,RW-2984,30
2029-07-23,RW-7298,5
2029-07-23,RW-1378,18
2029-07-23,RW-9304,75
2029-07-23,RW-9324,6
2029-07-23,RW-4418,129
2029-07-23,RW-9901,26
2029-07-23,RW-6416,77
2029-07-30,RW-3980,17
2029-07-30,RW-9835,9
2029-07-30,RW-2984,30
2029-07-30,RW-7298,5
2029-07-30,RW-1378,18
2029-07-30,RW-9304,75
2029-07-30,RW-9324,6
2029-07-30,RW-4418,130
2029-07-30,RW-9901,26
2029-07-30,RW-6416,78
2029-08-06,RW-3980,17
2029-08-06,RW-9835,9
2029-08-06,RW-2984,30
2029-08-06,RW-7298,5
2029-08-06,RW-1378,18
2029-08-06,RW-9304,76
2029-08-06,RW-9324,6
2029-08-06,RW-4418,131
2029-08-06,RW-9901,26
2029-08-06,RW-6416,79
2029-08-13,RW-3980,17
2029-08-13,RW-9835,9
2029-08-13,RW-2984,30
2029-08-13,RW-7298,5
2029-08-13,RW-1378,18
2029-08-13,RW-9304,76
2029-08-13,RW-9324,6
2029-08-13,RW-4418,132
2029-08-13,RW-9901,26
2029-08-13,RW-6416,79
2029-08-20,RW-3980,17
2029-08-20,RW-9835,9
2029-08-20,RW-2984,30
2029-08-20,RW-7298,5
2029-08-20,RW-1378,18
2029-08-20,RW-9304,77
2029-08-20,RW-9324,6
2029-08-20,RW-4418,133
2029-08-20,RW-9901,26
2029-08-20,RW-6416,80
2029-08-27,RW-3980,17
2029-08-27,RW-9835,9
2029-08-27,RW-2984,30
2029-08-27,RW-7298,5
2029-08-27,RW-1378,18
2029-08-27,RW-9304,77
2029-08-27,RW-9324,6
2029-08-27,RW-4418,134
2029-08-27,RW-9901,26
2029-08-27,RW-6416,81
